order_id,user_id,order_date,revenue
O0000010,U014009,2025-11-01 00:15:00,31.32
O0000013,U025051,2025-11-01 00:15:00,69.94
O0000017,U034216,2025-11-01 00:15:00,36.05
O0000018,U002646,2025-11-02 00:15:00,79.0
O0000019,U019379,2025-11-02 00:15:00,34.87
O0000026,U024793,2025-11-02 00:15:00,159.92
O0000028,U035036,2025-11-02 00:15:00,52.96
O0000029,U045244,2025-11-02 00:15:00,53.21
O0000033,U041056,2025-11-02 00:15:00,65.33
O0000040,U006229,2025-11-02 00:15:00,45.21
O0000043,U017000,2025-11-02 00:15:00,90.25
O0000045,U001532,2025-11-03 00:15:00,19.01
O0000049,U027851,2025-11-03 00:15:00,32.09
O0000063,U008444,2025-11-04 00:15:00,31.15
O0000066,U022311,2025-11-04 00:15:00,29.35
O0000070,U027411,2025-11-05 00:15:00,27.38
O0000077,U039301,2025-11-05 00:15:00,62.53
O0000079,U015040,2025-11-05 00:15:00,54.02
O0000081,U022394,2025-11-05 00:15:00,45.05
O0000085,U000415,2025-11-05 00:15:00,95.62
O0000089,U047604,2025-11-06 00:15:00,11.53
O0000097,U021798,2025-11-06 00:15:00,50.71
O0000105,U015370,2025-11-06 00:15:00,75.53
O0000107,U019272,2025-11-06 00:15:00,62.78
O0000109,U011757,2025-11-06 00:15:00,81.73
O0000020,U019440,2025-11-07 00:15:00,36.05
O0000112,U037973,2025-11-07 00:15:00,82.58
O0000114,U041152,2025-11-07 00:15:00,22.49
O0000121,U018924,2025-11-07 00:15:00,52.06
O0000124,U035974,2025-11-07 00:15:00,29.77
O0000126,U047313,2025-11-07 00:15:00,38.88
O0000134,U004642,2025-11-08 00:15:00,39.16
O0000140,U041259,2025-11-08 00:15:00,75.13
O0000147,U039834,2025-11-09 00:15:00,27.2
O0000158,U022335,2025-11-09 00:15:00,39.97
O0000159,U030587,2025-11-09 00:15:00,63.72
O0000160,U016642,2025-11-09 00:15:00,109.06
O0000161,U030858,2025-11-09 00:15:00,61.03
O0000162,U018844,2025-11-09 00:15:00,77.78
O0000008,U035015,2025-11-10 00:15:00,40.66
O0000031,U026284,2025-11-10 00:15:00,95.91
O0000167,U022237,2025-11-10 00:15:00,30.46
O0000169,U033764,2025-11-10 00:15:00,109.03
O0000175,U032783,2025-11-10 00:15:00,46.76
O0000178,U028499,2025-11-10 00:15:00,55.16
O0000179,U012217,2025-11-11 00:15:00,42.83
O0000183,U012952,2025-11-11 00:15:00,54.66
O0000185,U036369,2025-11-11 00:15:00,105.18
O0000189,U004776,2025-11-11 00:15:00,31.64
O0000150,U013094,2025-11-12 00:15:00,87.78
O0000193,U046906,2025-11-12 00:15:00,70.1
O0000194,U001518,2025-11-12 00:15:00,57.83
O0000195,U038454,2025-11-12 00:15:00,34.45
O0000196,U047660,2025-11-12 00:15:00,29.26
O0000197,U036641,2025-11-12 00:15:00,84.48
O0000202,U017755,2025-11-12 00:15:00,85.03
O0000205,U017653,2025-11-12 00:15:00,147.74
O0000208,U043199,2025-11-12 00:15:00,36.06
O0000210,U043478,2025-11-12 00:15:00,71.68
O0000211,U020280,2025-11-12 00:15:00,63.88
O0000216,U035523,2025-11-13 00:15:00,21.28
O0000217,U046575,2025-11-13 00:15:00,88.48
O0000218,U022512,2025-11-13 00:15:00,49.98
O0000220,U001464,2025-11-13 00:15:00,42.79
O0000224,U037814,2025-11-13 00:15:00,64.81
O0000228,U027519,2025-11-14 00:15:00,67.64
O0000234,U039122,2025-11-14 00:15:00,19.19
O0000237,U013555,2025-11-14 00:15:00,49.93
O0000238,U022519,2025-11-14 00:15:00,72.26
O0000249,U035663,2025-11-15 00:15:00,60.26
O0000253,U022527,2025-11-15 00:15:00,55.42
O0000258,U026688,2025-11-15 00:15:00,39.27
O0000261,U029876,2025-11-15 00:15:00,67.88
O0000265,U047603,2025-11-16 00:15:00,79.7
O0000269,U009831,2025-11-16 00:15:00,46.91
O0000275,U046763,2025-11-16 00:15:00,48.5
O0000276,U001456,2025-11-16 00:15:00,26.27
O0000283,U016509,2025-11-17 00:15:00,97.97
O0000288,U008378,2025-11-17 00:15:00,73.88
O0000291,U011446,2025-11-17 00:15:00,24.42
O0000293,U003155,2025-11-17 00:15:00,84.12
O0000298,U006009,2025-11-17 00:15:00,70.53
O0000152,U028449,2025-11-18 00:15:00,61.49
O0000257,U026686,2025-11-18 00:15:00,24.49
O0000301,U049388,2025-11-18 00:15:00,47.12
O0000302,U049491,2025-11-18 00:15:00,83.59
O0000304,U009944,2025-11-18 00:15:00,86.09
O0000310,U030683,2025-11-18 00:15:00,110.99
O0000314,U043747,2025-11-18 00:15:00,25.75
O0000059,U045068,2025-11-19 00:15:00,122.24
O0000263,U004388,2025-11-19 00:15:00,43.56
O0000322,U042150,2025-11-19 00:15:00,28.1
O0000330,U024468,2025-11-19 00:15:00,23.56
O0000338,U016194,2025-11-19 00:15:00,39.99
O0000075,U027533,2025-11-20 00:15:00,34.29
O0000341,U013427,2025-11-20 00:15:00,44.82
O0000343,U041551,2025-11-20 00:15:00,76.89
O0000348,U026337,2025-11-20 00:15:00,24.95
O0000350,U029137,2025-11-20 00:15:00,19.57
O0000351,U029141,2025-11-20 00:15:00,43.91
O0000357,U015851,2025-11-20 00:15:00,28.54
O0000359,U049045,2025-11-21 00:15:00,26.55
O0000370,U029655,2025-11-21 00:15:00,32.06
O0000371,U041103,2025-11-21 00:15:00,89.44
O0000382,U000728,2025-11-22 00:15:00,21.49
O0000037,U006155,2025-11-23 00:15:00,57.73
O0000061,U041535,2025-11-23 00:15:00,34.53
O0000110,U025746,2025-11-23 00:15:00,43.74
O0000385,U022432,2025-11-23 00:15:00,20.11
O0000387,U024921,2025-11-23 00:15:00,82.04
O0000389,U024823,2025-11-23 00:15:00,39.34
O0000286,U046495,2025-11-24 00:15:00,49.66
O0000290,U048077,2025-11-24 00:15:00,49.36
O0000400,U009129,2025-11-24 00:15:00,33.74
O0000401,U045177,2025-11-24 00:15:00,69.82
O0000402,U003672,2025-11-24 00:15:00,19.76
O0000406,U046319,2025-11-24 00:15:00,64.92
O0000415,U004553,2025-11-24 00:15:00,37.12
O0000416,U020513,2025-11-24 00:15:00,35.89
O0000417,U022829,2025-11-24 00:15:00,43.65
O0000418,U019850,2025-11-24 00:15:00,26.28
O0000095,U010206,2025-11-25 00:15:00,32.3
O0000317,U007882,2025-11-25 00:15:00,52.42
O0000423,U035750,2025-11-25 00:15:00,72.28
O0000427,U019849,2025-11-25 00:15:00,89.7
O0000435,U043309,2025-11-25 00:15:00,116.96
O0000436,U024532,2025-11-25 00:15:00,34.66
O0000437,U014050,2025-11-25 00:15:00,70.35
O0000440,U033494,2025-11-25 00:15:00,22.17
O0000441,U029341,2025-11-25 00:15:00,67.35
O0000442,U004635,2025-11-25 00:15:00,32.86
O0000443,U049116,2025-11-25 00:15:00,29.83
O0000300,U012231,2025-11-26 00:15:00,69.15
O0000446,U011824,2025-11-26 00:15:00,65.29
O0000452,U030043,2025-11-26 00:15:00,67.37
O0000454,U011384,2025-11-26 00:15:00,67.71
O0000457,U010157,2025-11-26 00:15:00,106.53
O0000459,U040824,2025-11-26 00:15:00,75.64
O0000461,U026884,2025-11-26 00:15:00,70.41
O0000034,U036124,2025-11-27 00:15:00,35.44
O0000318,U037756,2025-11-27 00:15:00,29.4
O0000462,U010391,2025-11-27 00:15:00,210.26
O0000465,U043370,2025-11-27 00:15:00,42.91
O0000466,U019059,2025-11-27 00:15:00,122.65
O0000468,U023932,2025-11-27 00:15:00,64.64
O0000476,U044615,2025-11-27 00:15:00,31.55
O0000479,U047159,2025-11-27 00:15:00,40.93
O0000489,U033430,2025-11-27 00:15:00,44.17
O0000491,U045379,2025-11-27 00:15:00,40.52
O0000493,U011275,2025-11-27 00:15:00,90.62
O0000499,U000120,2025-11-28 00:15:00,53.68
O0000503,U023459,2025-11-29 00:15:00,41.45
O0000505,U021831,2025-11-29 00:15:00,52.5
O0000506,U038492,2025-11-29 00:15:00,32.08
O0000507,U048780,2025-11-29 00:15:00,29.9
O0000512,U047030,2025-11-29 00:15:00,116.54
O0000513,U000497,2025-11-29 00:15:00,71.81
O0000517,U030322,2025-11-29 00:15:00,32.74
O0000520,U001020,2025-11-29 00:15:00,23.1
O0000036,U017084,2025-11-30 00:15:00,37.17
O0000206,U012381,2025-11-30 00:15:00,58.31
O0000525,U025843,2025-11-30 00:15:00,21.12
O0000526,U048674,2025-11-30 00:15:00,21.81
O0000529,U006308,2025-11-30 00:15:00,103.93
O0000532,U037701,2025-11-30 00:15:00,42.25
O0000535,U021637,2025-11-30 00:15:00,22.91
O0000483,U012516,2025-12-01 00:15:00,77.91
O0000500,U043262,2025-12-01 00:15:00,76.96
O0000537,U036675,2025-12-01 00:15:00,100.33
O0000539,U049943,2025-12-01 00:15:00,69.78
O0000540,U001630,2025-12-01 00:15:00,20.01
O0000541,U032856,2025-12-01 00:15:00,8.9
O0000546,U042572,2025-12-01 00:15:00,33.07
O0000547,U015761,2025-12-01 00:15:00,57.88
O0000551,U012066,2025-12-01 00:15:00,20.51
O0000554,U016170,2025-12-01 00:15:00,75.68
O0000557,U013232,2025-12-01 00:15:00,35.02
O0000559,U030938,2025-12-01 00:15:00,32.22
O0000560,U035897,2025-12-01 00:15:00,35.52
O0000562,U049763,2025-12-01 00:15:00,77.21
O0000073,U019027,2025-12-02 00:15:00,65.02
O0000127,U049866,2025-12-02 00:15:00,41.62
O0000321,U001953,2025-12-02 00:15:00,103.54
O0000564,U044241,2025-12-02 00:15:00,50.86
O0000566,U042902,2025-12-02 00:15:00,46.69
O0000573,U007999,2025-12-02 00:15:00,86.32
O0000574,U042046,2025-12-02 00:15:00,71.91
O0000030,U027071,2025-12-03 00:15:00,64.69
O0000425,U025795,2025-12-03 00:15:00,32.52
O0000585,U030905,2025-12-03 00:15:00,43.27
O0000592,U007915,2025-12-03 00:15:00,52.76
O0000601,U048049,2025-12-04 00:15:00,32.47
O0000604,U042876,2025-12-04 00:15:00,59.31
O0000606,U029700,2025-12-04 00:15:00,41.0
O0000608,U010482,2025-12-04 00:15:00,78.16
O0000614,U037724,2025-12-04 00:15:00,129.05
O0000615,U028949,2025-12-04 00:15:00,36.14
O0000620,U011815,2025-12-04 00:15:00,62.74
O0000586,U029583,2025-12-05 00:15:00,33.15
O0000630,U002302,2025-12-05 00:15:00,56.91
O0000364,U024386,2025-12-06 00:15:00,58.57
O0000453,U008406,2025-12-06 00:15:00,31.5
O0000640,U006375,2025-12-06 00:15:00,23.4
O0000642,U021607,2025-12-06 00:15:00,25.89
O0000644,U049108,2025-12-06 00:15:00,51.16
O0000646,U010808,2025-12-06 00:15:00,67.08
O0000649,U037954,2025-12-07 00:15:00,159.37
O0000651,U041034,2025-12-07 00:15:00,45.58
O0000655,U026102,2025-12-07 00:15:00,79.93
O0000658,U037459,2025-12-07 00:15:00,56.3
O0000082,U047132,2025-12-08 00:15:00,68.19
O0000278,U038803,2025-12-08 00:15:00,87.68
O0000356,U005262,2025-12-08 00:15:00,83.73
O0000470,U024479,2025-12-08 00:15:00,55.19
O0000662,U045485,2025-12-08 00:15:00,31.48
O0000663,U032381,2025-12-08 00:15:00,70.31
O0000664,U024746,2025-12-08 00:15:00,115.48
O0000671,U027073,2025-12-08 00:15:00,46.56
O0000675,U007755,2025-12-08 00:15:00,123.47
O0000679,U025668,2025-12-08 00:15:00,60.95
O0000681,U014093,2025-12-08 00:15:00,77.94
O0000683,U049552,2025-12-08 00:15:00,68.27
O0000117,U006616,2025-12-09 00:15:00,227.13
O0000192,U034401,2025-12-09 00:15:00,68.77
O0000242,U013486,2025-12-09 00:15:00,69.32
O0000284,U030546,2025-12-09 00:15:00,18.09
O0000685,U026847,2025-12-09 00:15:00,18.49
O0000687,U041991,2025-12-09 00:15:00,52.91
O0000693,U031384,2025-12-09 00:15:00,45.58
O0000694,U033382,2025-12-09 00:15:00,64.11
O0000697,U041172,2025-12-09 00:15:00,32.07
O0000074,U027305,2025-12-10 00:15:00,196.15
O0000088,U018058,2025-12-10 00:15:00,31.4
O0000431,U010309,2025-12-10 00:15:00,64.72
O0000504,U015454,2025-12-10 00:15:00,99.7
O0000598,U023289,2025-12-10 00:15:00,70.76
O0000701,U016281,2025-12-10 00:15:00,24.93
O0000702,U003885,2025-12-10 00:15:00,20.61
O0000709,U043597,2025-12-10 00:15:00,70.86
O0000720,U002933,2025-12-10 00:15:00,70.01
O0000721,U038616,2025-12-10 00:15:00,76.06
O0000722,U034945,2025-12-10 00:15:00,104.68
O0000329,U006797,2025-12-11 00:15:00,44.7
O0000724,U017516,2025-12-11 00:15:00,94.04
O0000725,U015323,2025-12-11 00:15:00,68.65
O0000728,U002200,2025-12-11 00:15:00,11.76
O0000729,U047443,2025-12-11 00:15:00,35.13
O0000731,U009994,2025-12-11 00:15:00,102.09
O0000733,U015253,2025-12-11 00:15:00,36.92
O0000414,U004314,2025-12-12 00:15:00,41.93
O0000743,U036705,2025-12-12 00:15:00,56.61
O0000749,U020053,2025-12-12 00:15:00,140.53
O0000750,U046832,2025-12-12 00:15:00,47.69
O0000751,U022212,2025-12-12 00:15:00,63.81
O0000755,U042312,2025-12-12 00:15:00,97.46
O0000756,U006719,2025-12-13 00:15:00,99.79
O0000758,U048581,2025-12-13 00:15:00,31.26
O0000759,U000230,2025-12-13 00:15:00,113.58
O0000761,U001405,2025-12-13 00:15:00,35.57
O0000766,U014418,2025-12-13 00:15:00,33.02
O0000767,U032186,2025-12-13 00:15:00,216.63
O0000769,U002032,2025-12-13 00:15:00,56.41
O0000770,U011108,2025-12-13 00:15:00,243.45
O0000771,U045577,2025-12-13 00:15:00,94.74
O0000268,U021256,2025-12-14 00:15:00,32.62
O0000680,U031329,2025-12-14 00:15:00,82.02
O0000776,U035533,2025-12-14 00:15:00,42.13
O0000780,U046351,2025-12-14 00:15:00,28.88
O0000784,U030071,2025-12-14 00:15:00,85.3
O0000786,U026269,2025-12-14 00:15:00,39.96
O0000787,U046605,2025-12-14 00:15:00,55.73
O0000792,U024652,2025-12-14 00:15:00,66.48
O0000793,U039962,2025-12-14 00:15:00,37.68
O0000796,U014073,2025-12-14 00:15:00,41.73
O0000054,U008610,2025-12-15 00:15:00,53.34
O0000381,U001809,2025-12-15 00:15:00,56.95
O0000698,U019708,2025-12-15 00:15:00,150.2
O0000802,U022001,2025-12-15 00:15:00,112.3
O0000812,U025719,2025-12-15 00:15:00,77.74
O0000824,U018491,2025-12-16 00:15:00,96.13
O0000825,U001534,2025-12-16 00:15:00,60.63
O0000826,U005905,2025-12-16 00:15:00,88.11
O0000830,U020659,2025-12-16 00:15:00,48.67
O0000831,U002071,2025-12-16 00:15:00,95.39
O0000839,U004448,2025-12-16 00:15:00,37.37
O0000155,U043311,2025-12-17 00:15:00,41.03
O0000616,U001342,2025-12-17 00:15:00,56.61
O0000670,U047583,2025-12-17 00:15:00,57.86
O0000843,U049454,2025-12-17 00:15:00,54.67
O0000845,U022764,2025-12-17 00:15:00,39.31
O0000855,U044331,2025-12-17 00:15:00,41.7
O0000858,U025298,2025-12-17 00:15:00,40.31
O0000056,U039114,2025-12-18 00:15:00,74.84
O0000076,U017069,2025-12-18 00:15:00,108.98
O0000139,U047186,2025-12-18 00:15:00,15.45
O0000397,U012492,2025-12-18 00:15:00,45.91
O0000862,U012204,2025-12-18 00:15:00,45.92
O0000867,U039471,2025-12-18 00:15:00,121.75
O0000869,U004791,2025-12-18 00:15:00,62.06
O0000870,U028470,2025-12-18 00:15:00,111.6
O0000873,U011056,2025-12-18 00:15:00,78.6
O0000875,U043870,2025-12-18 00:15:00,38.99
O0000877,U008581,2025-12-18 00:15:00,33.26
O0000878,U030511,2025-12-18 00:15:00,61.32
O0000090,U035401,2025-12-19 00:15:00,55.54
O0000093,U039458,2025-12-19 00:15:00,69.35
O0000244,U004893,2025-12-19 00:15:00,68.78
O0000281,U000045,2025-12-19 00:15:00,58.15
O0000579,U031281,2025-12-19 00:15:00,93.73
O0000882,U013698,2025-12-19 00:15:00,39.77
O0000886,U006709,2025-12-19 00:15:00,41.39
O0000888,U024528,2025-12-19 00:15:00,58.63
O0000891,U046956,2025-12-19 00:15:00,22.89
O0000899,U009301,2025-12-19 00:15:00,59.44
O0000900,U009282,2025-12-19 00:15:00,71.57
O0000905,U005717,2025-12-19 00:15:00,43.89
O0000908,U047405,2025-12-19 00:15:00,86.71
O0000149,U004969,2025-12-20 00:15:00,69.97
O0000170,U035598,2025-12-20 00:15:00,19.64
O0000913,U011031,2025-12-20 00:15:00,61.8
O0000920,U007261,2025-12-20 00:15:00,21.03
O0000922,U014767,2025-12-20 00:15:00,36.37
O0000924,U025024,2025-12-20 00:15:00,104.84
O0000405,U029064,2025-12-21 00:15:00,28.94
O0000929,U032917,2025-12-21 00:15:00,52.49
O0000934,U035984,2025-12-21 00:15:00,66.59
O0000940,U040003,2025-12-21 00:15:00,76.83
O0000944,U025630,2025-12-21 00:15:00,118.57
O0000712,U035713,2025-12-22 00:15:00,23.2
O0000808,U027312,2025-12-22 00:15:00,43.21
O0000860,U033054,2025-12-22 00:15:00,44.48
O0000949,U019591,2025-12-22 00:15:00,38.12
O0000950,U019574,2025-12-22 00:15:00,81.68
O0000955,U015878,2025-12-22 00:15:00,46.45
O0000957,U048097,2025-12-22 00:15:00,81.52
O0000960,U005487,2025-12-22 00:15:00,137.69
O0000963,U043325,2025-12-22 00:15:00,113.9
O0000965,U042322,2025-12-22 00:15:00,97.08
O0000101,U043234,2025-12-23 00:15:00,15.76
O0000157,U029438,2025-12-23 00:15:00,30.68
O0000383,U042328,2025-12-23 00:15:00,34.55
O0000970,U039218,2025-12-23 00:15:00,15.95
O0000353,U014553,2025-12-24 00:15:00,19.49
O0000391,U000581,2025-12-24 00:15:00,82.0
O0000534,U030564,2025-12-24 00:15:00,73.89
O0000665,U039614,2025-12-24 00:15:00,51.83
O0000980,U042057,2025-12-24 00:15:00,77.79
O0000983,U013216,2025-12-24 00:15:00,48.1
O0000986,U004803,2025-12-24 00:15:00,57.9
O0000989,U026649,2025-12-24 00:15:00,70.39
O0000990,U033098,2025-12-24 00:15:00,65.7
O0000991,U030610,2025-12-24 00:15:00,66.99
O0000998,U047224,2025-12-24 00:15:00,44.55
O0001002,U016303,2025-12-24 00:15:00,42.84
O0001004,U021972,2025-12-24 00:15:00,65.74
O0000619,U017571,2025-12-25 00:15:00,20.38
O0000864,U010072,2025-12-25 00:15:00,115.15
O0001011,U009782,2025-12-25 00:15:00,53.02
O0001012,U040142,2025-12-25 00:15:00,24.36
O0001013,U002747,2025-12-25 00:15:00,34.46
O0000390,U032769,2025-12-26 00:15:00,65.44
O0000396,U011991,2025-12-26 00:15:00,58.51
O0000576,U022420,2025-12-26 00:15:00,132.75
O0000763,U027362,2025-12-26 00:15:00,192.61
O0000926,U021737,2025-12-26 00:15:00,62.49
O0001020,U038352,2025-12-26 00:15:00,112.66
O0001021,U038129,2025-12-26 00:15:00,50.12
O0001025,U014771,2025-12-26 00:15:00,125.91
O0001029,U044632,2025-12-26 00:15:00,147.93
O0000138,U000787,2025-12-27 00:15:00,80.91
O0000595,U035309,2025-12-27 00:15:00,79.17
O0000737,U025989,2025-12-27 00:15:00,64.84
O0000909,U041302,2025-12-27 00:15:00,39.53
O0001034,U024740,2025-12-27 00:15:00,32.9
O0001035,U006040,2025-12-27 00:15:00,200.21
O0001036,U032074,2025-12-27 00:15:00,64.65
O0001039,U010201,2025-12-27 00:15:00,128.36
O0001040,U036263,2025-12-27 00:15:00,99.24
O0001042,U013059,2025-12-27 00:15:00,34.79
O0001047,U031936,2025-12-27 00:15:00,54.04
O0000270,U046532,2025-12-28 00:15:00,105.88
O0000581,U048837,2025-12-28 00:15:00,24.68
O0000610,U005159,2025-12-28 00:15:00,58.26
O0000772,U040415,2025-12-28 00:15:00,67.96
O0000892,U018931,2025-12-28 00:15:00,91.67
O0001054,U049124,2025-12-28 00:15:00,20.73
O0001057,U009912,2025-12-28 00:15:00,134.84
O0001061,U008423,2025-12-28 00:15:00,66.43
O0001063,U046560,2025-12-28 00:15:00,147.04
O0001070,U028223,2025-12-28 00:15:00,81.52
O0000181,U024355,2025-12-29 00:15:00,51.38
O0000682,U009320,2025-12-29 00:15:00,80.31
O0001074,U035259,2025-12-29 00:15:00,79.14
O0001076,U006475,2025-12-29 00:15:00,54.69
O0001079,U042227,2025-12-29 00:15:00,51.12
O0001080,U005260,2025-12-29 00:15:00,59.33
O0001081,U000832,2025-12-29 00:15:00,77.89
O0001082,U011191,2025-12-29 00:15:00,56.84
O0001085,U021090,2025-12-29 00:15:00,79.67
O0001088,U041328,2025-12-29 00:15:00,47.13
O0001089,U005103,2025-12-29 00:15:00,52.34
O0001090,U016156,2025-12-29 00:15:00,22.46
O0001093,U039286,2025-12-29 00:15:00,183.76
O0001098,U023645,2025-12-29 00:15:00,54.27
O0001101,U010893,2025-12-29 00:15:00,35.77
O0000363,U025086,2025-12-30 00:15:00,83.87
O0000652,U037606,2025-12-30 00:15:00,31.72
O0000746,U026983,2025-12-30 00:15:00,77.53
O0000885,U025330,2025-12-30 00:15:00,102.23
O0001105,U010424,2025-12-30 00:15:00,25.75
O0001106,U008787,2025-12-30 00:15:00,34.4
O0001114,U019134,2025-12-30 00:15:00,70.56
O0001118,U002162,2025-12-30 00:15:00,48.82
O0000360,U028176,2025-12-31 00:15:00,67.67
O0000748,U002103,2025-12-31 00:15:00,85.92
O0000815,U009475,2025-12-31 00:15:00,122.65
O0001120,U007219,2025-12-31 00:15:00,127.04
O0001125,U030276,2025-12-31 00:15:00,102.63
O0001127,U006035,2025-12-31 00:15:00,22.72
O0001134,U044463,2025-12-31 00:15:00,46.5
O0001137,U044887,2026-01-01 00:15:00,62.17
O0001143,U012995,2026-01-01 00:15:00,52.04
O0001147,U047319,2026-01-01 00:15:00,23.05
O0001151,U028445,2026-01-01 00:15:00,37.85
O0001153,U048509,2026-01-01 00:15:00,101.29
O0001154,U016749,2026-01-01 00:15:00,48.25
O0001155,U015675,2026-01-01 00:15:00,74.98
O0000078,U009073,2026-01-02 00:15:00,146.78
O0000080,U010412,2026-01-02 00:15:00,47.69
O0000233,U026922,2026-01-02 00:15:00,90.19
O0000661,U008158,2026-01-02 00:15:00,110.95
O0000801,U022323,2026-01-02 00:15:00,25.33
O0000943,U039488,2026-01-02 00:15:00,50.73
O0001064,U048893,2026-01-02 00:15:00,97.31
O0001094,U030203,2026-01-02 00:15:00,44.53
O0001160,U019747,2026-01-02 00:15:00,91.52
O0001164,U016270,2026-01-02 00:15:00,68.8
O0001166,U016406,2026-01-02 00:15:00,36.37
O0001167,U025432,2026-01-02 00:15:00,49.61
O0001171,U015445,2026-01-02 00:15:00,52.0
O0000294,U013563,2026-01-03 00:15:00,34.27
O0000388,U004101,2026-01-03 00:15:00,87.98
O0001172,U031723,2026-01-03 00:15:00,56.28
O0001173,U014077,2026-01-03 00:15:00,35.95
O0001175,U016139,2026-01-03 00:15:00,86.22
O0001176,U047601,2026-01-03 00:15:00,83.79
O0001177,U013272,2026-01-03 00:15:00,25.86
O0001180,U032070,2026-01-03 00:15:00,67.94
O0001184,U021158,2026-01-03 00:15:00,35.23
O0001188,U047041,2026-01-03 00:15:00,80.02
O0001189,U011774,2026-01-03 00:15:00,37.45
O0000229,U030589,2026-01-04 00:15:00,161.14
O0001196,U023030,2026-01-04 00:15:00,39.05
O0001197,U045420,2026-01-04 00:15:00,39.03
O0001200,U045438,2026-01-04 00:15:00,52.08
O0001205,U004949,2026-01-04 00:15:00,29.73
O0001206,U013539,2026-01-04 00:15:00,247.09
O0001210,U027088,2026-01-04 00:15:00,58.0
O0001213,U020820,2026-01-04 00:15:00,23.63
O0001214,U047559,2026-01-04 00:15:00,91.01
O0001215,U018094,2026-01-04 00:15:00,30.15
O0000182,U045233,2026-01-05 00:15:00,107.84
O0000327,U039253,2026-01-05 00:15:00,72.59
O0000378,U031042,2026-01-05 00:15:00,82.91
O0000609,U025665,2026-01-05 00:15:00,112.9
O0001224,U040743,2026-01-05 00:15:00,167.24
O0001228,U005230,2026-01-05 00:15:00,50.74
O0001237,U025544,2026-01-05 00:15:00,27.1
O0000342,U027234,2026-01-06 00:15:00,31.37
O0001053,U025385,2026-01-06 00:15:00,154.48
O0001239,U044513,2026-01-06 00:15:00,59.39
O0001243,U000143,2026-01-06 00:15:00,89.64
O0001244,U029514,2026-01-06 00:15:00,50.23
O0001246,U026828,2026-01-06 00:15:00,26.4
O0001251,U008883,2026-01-06 00:15:00,39.73
O0001254,U006566,2026-01-06 00:15:00,19.49
O0000395,U004572,2026-01-07 00:15:00,65.53
O0000568,U035884,2026-01-07 00:15:00,125.96
O0000923,U045886,2026-01-07 00:15:00,124.06
O0001072,U028066,2026-01-07 00:15:00,140.39
O0001256,U006007,2026-01-07 00:15:00,38.49
O0001264,U037382,2026-01-07 00:15:00,128.75
O0001265,U039392,2026-01-07 00:15:00,85.11
O0000065,U030767,2026-01-08 00:15:00,55.97
O0000151,U000844,2026-01-08 00:15:00,55.24
O0000369,U041985,2026-01-08 00:15:00,145.81
O0000947,U015429,2026-01-08 00:15:00,78.12
O0001271,U038326,2026-01-08 00:15:00,120.43
O0001274,U016286,2026-01-08 00:15:00,68.29
O0001277,U020866,2026-01-08 00:15:00,124.3
O0001282,U032277,2026-01-08 00:15:00,94.15
O0001283,U005541,2026-01-08 00:15:00,57.26
O0000016,U034315,2026-01-09 00:15:00,52.65
O0000372,U031776,2026-01-09 00:15:00,40.8
O0001022,U012642,2026-01-09 00:15:00,24.39
O0001233,U031517,2026-01-09 00:15:00,77.89
O0001298,U026951,2026-01-09 00:15:00,19.44
O0001300,U040209,2026-01-09 00:15:00,32.24
O0001303,U021891,2026-01-09 00:15:00,67.48
O0001304,U010779,2026-01-09 00:15:00,57.66
O0001305,U011043,2026-01-09 00:15:00,24.77
O0000708,U045806,2026-01-10 00:15:00,54.35
O0000918,U012504,2026-01-10 00:15:00,32.95
O0001179,U028196,2026-01-10 00:15:00,81.01
O0001266,U037015,2026-01-10 00:15:00,62.52
O0001307,U028179,2026-01-10 00:15:00,45.25
O0001311,U018317,2026-01-10 00:15:00,35.26
O0001314,U011505,2026-01-10 00:15:00,60.81
O0001317,U035923,2026-01-10 00:15:00,57.48
O0001318,U046277,2026-01-10 00:15:00,31.0
O0001319,U004580,2026-01-10 00:15:00,48.32
O0000025,U028702,2026-01-11 00:15:00,90.7
O0000052,U004768,2026-01-11 00:15:00,76.58
O0000285,U025334,2026-01-11 00:15:00,34.79
O0000477,U013125,2026-01-11 00:15:00,33.18
O0000760,U048908,2026-01-11 00:15:00,22.44
O0000833,U037300,2026-01-11 00:15:00,51.53
O0000850,U021595,2026-01-11 00:15:00,101.59
O0001185,U030528,2026-01-11 00:15:00,45.64
O0001341,U045727,2026-01-11 00:15:00,115.84
O0001342,U020547,2026-01-11 00:15:00,74.82
O0000312,U021077,2026-01-12 00:15:00,63.11
O0000602,U013917,2026-01-12 00:15:00,63.15
O0001019,U024888,2026-01-12 00:15:00,139.91
O0001351,U032812,2026-01-12 00:15:00,27.98
O0001357,U040862,2026-01-12 00:15:00,46.29
O0001365,U032901,2026-01-12 00:15:00,26.7
O0001366,U031942,2026-01-12 00:15:00,79.37
O0001370,U044306,2026-01-12 00:15:00,56.88
O0001372,U022756,2026-01-12 00:15:00,128.5
O0000116,U006384,2026-01-13 00:15:00,85.38
O0000204,U013859,2026-01-13 00:15:00,104.7
O0000367,U000678,2026-01-13 00:15:00,27.82
O0001000,U025615,2026-01-13 00:15:00,98.87
O0001361,U048190,2026-01-13 00:15:00,87.56
O0001369,U026542,2026-01-13 00:15:00,85.41
O0001378,U027646,2026-01-13 00:15:00,39.28
O0001381,U023115,2026-01-13 00:15:00,27.44
O0001383,U023012,2026-01-13 00:15:00,48.73
O0001386,U037793,2026-01-13 00:15:00,58.63
O0001389,U049335,2026-01-13 00:15:00,69.25
O0001392,U011643,2026-01-13 00:15:00,77.76
O0001394,U032761,2026-01-13 00:15:00,73.2
O0001396,U013731,2026-01-13 00:15:00,98.17
O0001400,U032814,2026-01-13 00:15:00,41.7
O0000339,U013108,2026-01-14 00:15:00,49.25
O0000510,U012056,2026-01-14 00:15:00,63.74
O0000849,U031673,2026-01-14 00:15:00,115.4
O0001178,U013776,2026-01-14 00:15:00,40.55
O0001280,U012750,2026-01-14 00:15:00,47.46
O0001408,U004447,2026-01-14 00:15:00,51.23
O0001410,U015025,2026-01-14 00:15:00,122.17
O0001411,U032566,2026-01-14 00:15:00,63.54
O0001412,U000239,2026-01-14 00:15:00,36.51
O0000555,U040545,2026-01-15 00:15:00,56.49
O0000952,U016683,2026-01-15 00:15:00,32.66
O0001414,U033103,2026-01-15 00:15:00,56.78
O0001417,U046471,2026-01-15 00:15:00,80.52
O0001426,U034444,2026-01-15 00:15:00,67.74
O0001427,U003942,2026-01-15 00:15:00,37.68
O0001429,U031053,2026-01-15 00:15:00,53.4
O0001431,U020363,2026-01-15 00:15:00,31.9
O0000804,U026374,2026-01-16 00:15:00,58.38
O0001067,U004200,2026-01-16 00:15:00,75.74
O0001109,U039238,2026-01-16 00:15:00,119.25
O0001135,U041526,2026-01-16 00:15:00,95.99
O0001139,U007619,2026-01-16 00:15:00,67.25
O0001216,U037721,2026-01-16 00:15:00,50.75
O0001252,U001322,2026-01-16 00:15:00,73.6
O0001292,U039188,2026-01-16 00:15:00,54.85
O0001432,U000748,2026-01-16 00:15:00,32.65
O0001433,U038242,2026-01-16 00:15:00,39.68
O0001434,U029165,2026-01-16 00:15:00,55.71
O0001439,U008046,2026-01-16 00:15:00,72.94
O0001440,U022252,2026-01-16 00:15:00,96.57
O0001444,U041600,2026-01-16 00:15:00,19.89
O0000166,U000328,2026-01-17 00:15:00,54.39
O0000587,U004758,2026-01-17 00:15:00,60.52
O0000753,U022742,2026-01-17 00:15:00,86.12
O0000757,U046570,2026-01-17 00:15:00,67.67
O0000935,U011330,2026-01-17 00:15:00,46.8
O0001126,U048269,2026-01-17 00:15:00,82.73
O0001448,U048328,2026-01-17 00:15:00,43.93
O0001451,U003756,2026-01-17 00:15:00,47.2
O0001452,U003447,2026-01-17 00:15:00,31.91
O0001458,U030314,2026-01-17 00:15:00,54.74
O0001462,U009020,2026-01-17 00:15:00,122.2
O0000340,U013211,2026-01-18 00:15:00,94.01
O0000828,U006218,2026-01-18 00:15:00,57.86
O0001289,U034176,2026-01-18 00:15:00,72.43
O0001465,U005109,2026-01-18 00:15:00,69.38
O0001467,U039956,2026-01-18 00:15:00,65.93
O0001470,U009266,2026-01-18 00:15:00,32.48
O0001475,U023644,2026-01-18 00:15:00,138.34
O0001476,U049322,2026-01-18 00:15:00,32.83
O0001479,U034417,2026-01-18 00:15:00,27.96
O0001489,U022717,2026-01-19 00:15:00,34.42
O0001491,U004257,2026-01-19 00:15:00,61.88
O0001501,U047462,2026-01-19 00:15:00,80.19
O0000821,U024774,2026-01-20 00:15:00,26.99
O0001269,U007515,2026-01-20 00:15:00,31.33
O0001503,U006874,2026-01-20 00:15:00,89.62
O0001506,U005433,2026-01-20 00:15:00,102.91
O0001512,U027142,2026-01-20 00:15:00,30.65
O0001515,U048875,2026-01-20 00:15:00,101.72
O0001516,U010582,2026-01-20 00:15:00,35.85
O0001521,U033955,2026-01-20 00:15:00,32.28
O0000044,U016191,2026-01-21 00:15:00,35.28
O0000307,U009674,2026-01-21 00:15:00,94.39
O0001028,U015052,2026-01-21 00:15:00,58.55
O0001325,U042509,2026-01-21 00:15:00,13.8
O0001337,U032075,2026-01-21 00:15:00,34.67
O0001345,U002255,2026-01-21 00:15:00,40.1
O0001362,U002467,2026-01-21 00:15:00,34.88
O0001523,U046703,2026-01-21 00:15:00,94.65
O0001525,U022343,2026-01-21 00:15:00,25.43
O0001529,U016288,2026-01-21 00:15:00,48.64
O0001531,U005601,2026-01-21 00:15:00,110.41
O0001532,U029021,2026-01-21 00:15:00,38.26
O0001534,U008163,2026-01-21 00:15:00,51.87
O0001536,U043240,2026-01-21 00:15:00,115.95
O0000163,U028010,2026-01-22 00:15:00,51.88
O0000403,U003343,2026-01-22 00:15:00,49.72
O0000494,U037269,2026-01-22 00:15:00,33.34
O0000561,U010371,2026-01-22 00:15:00,54.77
O0000635,U043598,2026-01-22 00:15:00,57.61
O0000977,U049579,2026-01-22 00:15:00,68.22
O0000987,U048772,2026-01-22 00:15:00,52.18
O0001538,U045153,2026-01-22 00:15:00,24.03
O0001544,U005859,2026-01-22 00:15:00,19.89
O0001546,U011009,2026-01-22 00:15:00,38.48
O0001547,U024240,2026-01-22 00:15:00,58.31
O0001550,U023905,2026-01-22 00:15:00,12.14
O0001551,U032679,2026-01-22 00:15:00,22.92
O0001557,U020308,2026-01-22 00:15:00,99.94
O0001558,U020312,2026-01-22 00:15:00,53.04
O0001559,U046342,2026-01-22 00:15:00,66.68
O0001561,U006351,2026-01-22 00:15:00,56.82
O0001563,U040382,2026-01-22 00:15:00,66.24
O0001564,U004255,2026-01-22 00:15:00,70.17
O0001565,U000197,2026-01-22 00:15:00,106.08
O0000130,U033987,2026-01-23 00:15:00,163.84
O0000199,U016385,2026-01-23 00:15:00,58.06
O0000219,U027204,2026-01-23 00:15:00,110.02
O0000394,U028151,2026-01-23 00:15:00,68.4
O0000429,U026977,2026-01-23 00:15:00,80.18
O0000514,U036763,2026-01-23 00:15:00,129.31
O0000605,U003204,2026-01-23 00:15:00,70.13
O0000910,U048923,2026-01-23 00:15:00,53.87
O0001007,U005320,2026-01-23 00:15:00,57.18
O0001191,U014985,2026-01-23 00:15:00,119.2
O0001492,U013325,2026-01-23 00:15:00,65.72
O0001571,U028177,2026-01-23 00:15:00,50.23
O0001575,U026852,2026-01-23 00:15:00,107.41
O0001577,U008616,2026-01-23 00:15:00,34.25
O0001580,U025339,2026-01-23 00:15:00,34.9
O0000262,U049522,2026-01-24 00:15:00,64.24
O0000398,U010600,2026-01-24 00:15:00,93.96
O0000636,U038411,2026-01-24 00:15:00,46.52
O0001104,U044438,2026-01-24 00:15:00,102.29
O0001340,U024842,2026-01-24 00:15:00,61.22
O0001421,U042782,2026-01-24 00:15:00,107.79
O0001484,U004818,2026-01-24 00:15:00,160.17
O0001592,U027749,2026-01-24 00:15:00,32.27
O0001593,U046166,2026-01-24 00:15:00,47.71
O0001596,U040361,2026-01-24 00:15:00,64.48
O0001602,U008608,2026-01-24 00:15:00,52.24
O0000231,U035233,2026-01-25 00:15:00,84.83
O0000235,U005537,2026-01-25 00:15:00,48.39
O0000308,U001022,2026-01-25 00:15:00,93.54
O0000717,U008018,2026-01-25 00:15:00,85.53
O0000797,U035361,2026-01-25 00:15:00,45.61
O0000857,U035244,2026-01-25 00:15:00,39.55
O0001159,U024984,2026-01-25 00:15:00,43.36
O0001218,U006160,2026-01-25 00:15:00,95.84
O0001315,U026345,2026-01-25 00:15:00,24.26
O0001608,U008235,2026-01-25 00:15:00,104.05
O0001609,U047205,2026-01-25 00:15:00,63.33
O0001612,U040200,2026-01-25 00:15:00,97.01
O0001614,U020548,2026-01-25 00:15:00,87.42
O0001618,U019072,2026-01-25 00:15:00,44.05
O0001620,U036412,2026-01-25 00:15:00,93.71
O0001621,U032772,2026-01-25 00:15:00,65.34
O0001623,U047880,2026-01-25 00:15:00,50.73
O0000144,U040971,2026-01-26 00:15:00,58.68
O0000641,U023318,2026-01-26 00:15:00,76.1
O0000939,U007304,2026-01-26 00:15:00,75.14
O0001102,U016318,2026-01-26 00:15:00,58.26
O0001234,U042871,2026-01-26 00:15:00,85.89
O0001468,U004868,2026-01-26 00:15:00,37.7
O0001627,U014507,2026-01-26 00:15:00,17.53
O0001628,U029297,2026-01-26 00:15:00,35.67
O0001632,U045514,2026-01-26 00:15:00,153.47
O0001633,U019965,2026-01-26 00:15:00,34.93
O0001634,U042731,2026-01-26 00:15:00,53.2
O0001637,U014957,2026-01-26 00:15:00,48.61
O0001642,U030818,2026-01-26 00:15:00,43.74
O0000716,U001487,2026-01-27 00:15:00,24.12
O0001245,U034598,2026-01-27 00:15:00,27.16
O0001497,U046228,2026-01-27 00:15:00,71.45
O0001605,U036638,2026-01-27 00:15:00,50.29
O0001646,U043177,2026-01-27 00:15:00,52.52
O0001647,U019114,2026-01-27 00:15:00,30.19
O0001658,U016219,2026-01-27 00:15:00,42.9
O0001659,U003711,2026-01-27 00:15:00,53.23
O0001661,U012753,2026-01-27 00:15:00,120.69
O0001664,U035106,2026-01-27 00:15:00,44.75
O0001667,U024457,2026-01-27 00:15:00,41.66
O0001669,U041419,2026-01-27 00:15:00,48.68
O0000502,U020189,2026-01-28 00:15:00,227.5
O0000859,U025585,2026-01-28 00:15:00,21.2
O0001157,U046318,2026-01-28 00:15:00,68.99
O0001328,U037516,2026-01-28 00:15:00,71.42
O0001380,U047795,2026-01-28 00:15:00,52.12
O0001626,U030918,2026-01-28 00:15:00,65.82
O0001672,U047628,2026-01-28 00:15:00,18.15
O0001674,U007651,2026-01-28 00:15:00,83.79
O0001677,U023706,2026-01-28 00:15:00,54.72
O0001680,U031953,2026-01-28 00:15:00,111.34
O0001111,U037161,2026-01-29 00:15:00,24.46
O0001129,U034843,2026-01-29 00:15:00,89.41
O0001236,U032088,2026-01-29 00:15:00,27.8
O0001690,U016552,2026-01-29 00:15:00,65.75
O0001691,U018131,2026-01-29 00:15:00,44.55
O0001693,U035132,2026-01-29 00:15:00,77.55
O0001696,U020943,2026-01-29 00:15:00,78.06
O0000578,U018646,2026-01-30 00:15:00,39.91
O0000744,U046341,2026-01-30 00:15:00,28.2
O0000852,U010520,2026-01-30 00:15:00,65.03
O0000932,U010954,2026-01-30 00:15:00,61.33
O0000962,U002444,2026-01-30 00:15:00,46.46
O0001038,U001288,2026-01-30 00:15:00,71.77
O0001193,U004509,2026-01-30 00:15:00,26.7
O0001241,U048119,2026-01-30 00:15:00,44.57
O0001260,U017763,2026-01-30 00:15:00,60.52
O0001403,U014857,2026-01-30 00:15:00,10.29
O0001424,U026823,2026-01-30 00:15:00,47.89
O0001701,U010043,2026-01-30 00:15:00,92.69
O0001702,U007511,2026-01-30 00:15:00,46.63
O0001708,U030421,2026-01-30 00:15:00,51.38
O0001710,U033824,2026-01-30 00:15:00,55.62
O0001711,U012651,2026-01-30 00:15:00,104.22
O0001714,U041970,2026-01-30 00:15:00,22.58
O0001715,U019934,2026-01-30 00:15:00,32.03
O0000099,U014637,2026-01-31 00:15:00,23.92
O0000240,U014688,2026-01-31 00:15:00,43.61
O0000328,U007125,2026-01-31 00:15:00,117.05
O0000419,U041806,2026-01-31 00:15:00,54.07
O0001016,U003850,2026-01-31 00:15:00,28.45
O0001091,U019103,2026-01-31 00:15:00,39.44
O0001330,U021532,2026-01-31 00:15:00,116.44
O0001347,U027835,2026-01-31 00:15:00,24.85
O0001482,U030384,2026-01-31 00:15:00,64.07
O0001722,U008078,2026-01-31 00:15:00,72.17
O0001731,U039636,2026-01-31 00:15:00,30.09
O0001733,U013743,2026-01-31 00:15:00,51.07
O0001742,U025104,2026-01-31 00:15:00,42.61
O0001743,U008852,2026-01-31 00:15:00,32.72
O0001418,U049078,2026-02-01 00:15:00,86.38
O0001749,U015084,2026-02-01 00:15:00,87.68
O0001750,U001159,2026-02-01 00:15:00,36.27
O0001754,U024388,2026-02-01 00:15:00,45.24
O0001755,U017235,2026-02-01 00:15:00,66.34
O0001768,U007380,2026-02-01 00:15:00,47.4
O0000874,U000543,2026-02-02 00:15:00,64.44
O0001770,U027693,2026-02-02 00:15:00,74.31
O0001771,U047131,2026-02-02 00:15:00,15.77
O0001777,U047597,2026-02-02 00:15:00,28.57
O0001778,U001629,2026-02-02 00:15:00,71.16
O0001779,U024282,2026-02-02 00:15:00,89.16
O0000227,U005816,2026-02-03 00:15:00,39.2
O0000455,U025038,2026-02-03 00:15:00,146.92
O0000475,U038189,2026-02-03 00:15:00,54.08
O0000719,U047977,2026-02-03 00:15:00,43.11
O0001045,U040357,2026-02-03 00:15:00,52.42
O0001379,U045352,2026-02-03 00:15:00,30.67
O0001446,U001014,2026-02-03 00:15:00,50.7
O0001460,U034781,2026-02-03 00:15:00,70.4
O0001638,U028575,2026-02-03 00:15:00,53.6
O0001781,U004150,2026-02-03 00:15:00,45.35
O0001790,U012872,2026-02-03 00:15:00,34.71
O0001792,U049064,2026-02-03 00:15:00,59.88
O0001794,U002852,2026-02-03 00:15:00,20.59
O0001795,U033485,2026-02-03 00:15:00,71.24
O0000707,U035473,2026-02-04 00:15:00,96.96
O0000953,U016396,2026-02-04 00:15:00,24.21
O0000972,U036485,2026-02-04 00:15:00,36.24
O0001253,U009846,2026-02-04 00:15:00,74.94
O0001459,U014806,2026-02-04 00:15:00,70.62
O0001805,U013554,2026-02-04 00:15:00,66.82
O0000015,U005083,2026-02-05 00:15:00,42.57
O0000358,U024091,2026-02-05 00:15:00,83.46
O0001740,U000913,2026-02-05 00:15:00,39.81
O0001815,U001320,2026-02-05 00:15:00,46.23
O0001818,U025438,2026-02-05 00:15:00,58.31
O0000379,U033533,2026-02-06 00:15:00,76.33
O0000409,U026078,2026-02-06 00:15:00,130.58
O0000569,U008568,2026-02-06 00:15:00,122.82
O0000628,U014127,2026-02-06 00:15:00,61.39
O0000659,U036349,2026-02-06 00:15:00,119.57
O0000901,U018688,2026-02-06 00:15:00,47.41
O0000930,U018168,2026-02-06 00:15:00,70.81
O0001097,U003073,2026-02-06 00:15:00,23.9
O0001457,U009707,2026-02-06 00:15:00,62.58
O0001741,U012644,2026-02-06 00:15:00,40.81
O0001746,U029846,2026-02-06 00:15:00,64.34
O0001827,U044540,2026-02-06 00:15:00,54.96
O0001832,U036857,2026-02-06 00:15:00,39.15
O0001835,U045944,2026-02-06 00:15:00,82.15
O0001841,U028775,2026-02-06 00:15:00,62.85
O0001843,U019424,2026-02-06 00:15:00,69.72
O0001847,U023362,2026-02-06 00:15:00,140.58
O0001848,U022079,2026-02-06 00:15:00,42.05
O0001850,U023129,2026-02-06 00:15:00,72.02
O0000354,U046641,2026-02-07 00:15:00,52.02
O0000565,U010537,2026-02-07 00:15:00,39.53
O0000726,U001850,2026-02-07 00:15:00,17.48
O0000735,U012539,2026-02-07 00:15:00,22.3
O0000811,U007370,2026-02-07 00:15:00,31.52
O0000868,U004827,2026-02-07 00:15:00,32.19
O0001014,U010102,2026-02-07 00:15:00,40.46
O0001107,U000857,2026-02-07 00:15:00,88.95
O0001657,U011308,2026-02-07 00:15:00,23.69
O0001852,U010239,2026-02-07 00:15:00,33.09
O0001853,U045831,2026-02-07 00:15:00,95.07
O0001857,U003485,2026-02-07 00:15:00,93.64
O0001858,U017600,2026-02-07 00:15:00,70.28
O0001860,U036702,2026-02-07 00:15:00,89.0
O0001864,U046382,2026-02-07 00:15:00,170.18
O0001869,U014759,2026-02-07 00:15:00,33.41
O0000501,U046980,2026-02-08 00:15:00,52.56
O0001227,U022689,2026-02-08 00:15:00,36.1
O0001287,U029068,2026-02-08 00:15:00,29.08
O0001288,U034230,2026-02-08 00:15:00,81.84
O0001486,U032672,2026-02-08 00:15:00,60.77
O0001530,U046819,2026-02-08 00:15:00,80.78
O0001700,U030477,2026-02-08 00:15:00,33.32
O0001819,U029672,2026-02-08 00:15:00,40.1
O0001874,U035220,2026-02-08 00:15:00,36.4
O0001875,U001252,2026-02-08 00:15:00,65.5
O0001877,U005707,2026-02-08 00:15:00,33.98
O0001881,U009049,2026-02-08 00:15:00,81.14
O0000487,U005105,2026-02-09 00:15:00,45.37
O0000688,U015166,2026-02-09 00:15:00,36.58
O0000847,U028394,2026-02-09 00:15:00,72.11
O0001116,U020485,2026-02-09 00:15:00,34.05
O0001168,U049350,2026-02-09 00:15:00,82.76
O0001209,U009260,2026-02-09 00:15:00,35.95
O0001513,U040244,2026-02-09 00:15:00,59.65
O0001783,U031987,2026-02-09 00:15:00,37.26
O0001892,U004213,2026-02-09 00:15:00,42.39
O0001894,U017504,2026-02-09 00:15:00,70.29
O0001896,U009514,2026-02-09 00:15:00,160.92
O0001899,U025338,2026-02-09 00:15:00,37.95
O0000141,U036111,2026-02-10 00:15:00,116.12
O0000148,U002764,2026-02-10 00:15:00,66.63
O0000306,U033883,2026-02-10 00:15:00,60.04
O0000331,U026932,2026-02-10 00:15:00,66.55
O0000982,U020873,2026-02-10 00:15:00,70.38
O0001112,U018606,2026-02-10 00:15:00,75.97
O0001240,U013966,2026-02-10 00:15:00,147.73
O0001368,U015774,2026-02-10 00:15:00,22.92
O0001498,U013179,2026-02-10 00:15:00,124.55
O0001566,U009852,2026-02-10 00:15:00,51.91
O0001831,U033676,2026-02-10 00:15:00,97.53
O0001911,U007332,2026-02-10 00:15:00,41.53
O0001913,U014332,2026-02-10 00:15:00,11.54
O0001915,U022339,2026-02-10 00:15:00,29.33
O0001917,U047848,2026-02-10 00:15:00,18.18
O0001922,U018266,2026-02-10 00:15:00,45.49
O0001928,U029217,2026-02-10 00:15:00,100.71
O0000009,U044390,2026-02-11 00:15:00,43.69
O0001062,U048420,2026-02-11 00:15:00,26.2
O0001071,U021763,2026-02-11 00:15:00,23.74
O0001077,U002253,2026-02-11 00:15:00,129.02
O0001198,U023683,2026-02-11 00:15:00,72.87
O0001898,U002473,2026-02-11 00:15:00,50.21
O0001936,U030694,2026-02-11 00:15:00,51.08
O0001937,U015510,2026-02-11 00:15:00,55.17
O0001943,U019727,2026-02-11 00:15:00,54.89
O0001944,U031910,2026-02-11 00:15:00,32.66
O0001945,U012350,2026-02-11 00:15:00,72.96
O0001946,U038800,2026-02-11 00:15:00,108.39
O0000984,U028228,2026-02-12 00:15:00,157.33
O0001739,U044739,2026-02-12 00:15:00,64.45
O0001908,U037686,2026-02-12 00:15:00,241.46
O0001948,U034876,2026-02-12 00:15:00,62.13
O0001952,U006859,2026-02-12 00:15:00,34.38
O0001957,U009697,2026-02-12 00:15:00,60.79
O0001958,U005272,2026-02-12 00:15:00,39.84
O0001961,U039298,2026-02-12 00:15:00,101.01
O0001965,U026538,2026-02-12 00:15:00,9.6
O0001969,U022013,2026-02-12 00:15:00,81.86
O0000289,U006802,2026-02-13 00:15:00,84.08
O0000404,U048984,2026-02-13 00:15:00,40.4
O0000684,U047244,2026-02-13 00:15:00,45.49
O0000736,U005381,2026-02-13 00:15:00,131.01
O0000956,U009538,2026-02-13 00:15:00,49.79
O0001199,U016550,2026-02-13 00:15:00,29.32
O0001278,U040109,2026-02-13 00:15:00,65.83
O0001517,U000294,2026-02-13 00:15:00,37.74
O0001923,U020424,2026-02-13 00:15:00,48.87
O0001970,U012360,2026-02-13 00:15:00,40.89
O0001977,U005716,2026-02-13 00:15:00,63.61
O0001978,U018230,2026-02-13 00:15:00,34.49
O0000643,U004098,2026-02-14 00:15:00,51.26
O0000668,U013991,2026-02-14 00:15:00,143.84
O0000959,U007334,2026-02-14 00:15:00,35.36
O0001203,U049212,2026-02-14 00:15:00,97.21
O0001607,U012722,2026-02-14 00:15:00,63.96
O0001991,U011229,2026-02-14 00:15:00,28.0
O0001992,U045258,2026-02-14 00:15:00,38.22
O0001994,U049285,2026-02-14 00:15:00,49.22
O0001995,U007973,2026-02-14 00:15:00,42.1
O0001997,U012599,2026-02-14 00:15:00,107.88
O0001998,U045759,2026-02-14 00:15:00,27.23
O0000420,U010940,2026-02-15 00:15:00,32.97
O0000689,U036839,2026-02-15 00:15:00,48.54
O0000814,U014347,2026-02-15 00:15:00,34.1
O0001140,U039601,2026-02-15 00:15:00,46.41
O0001676,U009209,2026-02-15 00:15:00,104.34
O0002005,U023126,2026-02-15 00:15:00,82.21
O0002007,U009417,2026-02-15 00:15:00,24.45
O0002013,U025055,2026-02-15 00:15:00,32.51
O0002020,U018119,2026-02-15 00:15:00,129.62
O0002025,U016049,2026-02-15 00:15:00,47.74
O0000299,U021575,2026-02-16 00:15:00,64.46
O0000349,U043979,2026-02-16 00:15:00,37.22
O0000764,U032699,2026-02-16 00:15:00,80.91
O0000791,U000469,2026-02-16 00:15:00,35.21
O0000902,U004159,2026-02-16 00:15:00,34.51
O0001041,U016124,2026-02-16 00:15:00,124.47
O0001474,U002526,2026-02-16 00:15:00,48.71
O0002028,U037692,2026-02-16 00:15:00,47.05
O0002029,U047860,2026-02-16 00:15:00,41.35
O0002032,U004094,2026-02-16 00:15:00,14.7
O0002048,U022179,2026-02-16 00:15:00,61.29
O0000091,U033718,2026-02-17 00:15:00,102.83
O0000222,U003464,2026-02-17 00:15:00,48.89
O0001037,U029922,2026-02-17 00:15:00,84.9
O0001156,U012849,2026-02-17 00:15:00,90.21
O0001556,U022901,2026-02-17 00:15:00,117.36
O0001660,U018061,2026-02-17 00:15:00,53.79
O0001797,U023402,2026-02-17 00:15:00,58.75
O0002050,U020984,2026-02-17 00:15:00,61.92
O0002054,U043687,2026-02-17 00:15:00,40.83
O0002056,U014324,2026-02-17 00:15:00,60.57
O0000214,U027401,2026-02-18 00:15:00,101.37
O0000256,U030932,2026-02-18 00:15:00,56.37
O0000432,U011591,2026-02-18 00:15:00,55.62
O0000917,U030523,2026-02-18 00:15:00,84.78
O0000985,U046433,2026-02-18 00:15:00,58.34
O0001454,U026668,2026-02-18 00:15:00,30.86
O0002038,U039111,2026-02-18 00:15:00,63.55
O0002065,U000833,2026-02-18 00:15:00,51.84
O0002068,U006691,2026-02-18 00:15:00,57.7
O0002071,U043397,2026-02-18 00:15:00,11.87
O0002076,U024604,2026-02-18 00:15:00,60.8
O0002079,U005664,2026-02-18 00:15:00,116.82
O0000136,U015382,2026-02-19 00:15:00,31.06
O0000497,U034486,2026-02-19 00:15:00,51.83
O0000625,U026855,2026-02-19 00:15:00,23.05
O0001086,U048080,2026-02-19 00:15:00,57.25
O0001242,U019876,2026-02-19 00:15:00,38.71
O0001261,U036622,2026-02-19 00:15:00,66.35
O0001295,U002193,2026-02-19 00:15:00,62.44
O0001842,U020605,2026-02-19 00:15:00,31.46
O0001984,U028947,2026-02-19 00:15:00,43.21
O0002088,U016955,2026-02-19 00:15:00,80.54
O0002090,U042431,2026-02-19 00:15:00,43.22
O0002092,U023806,2026-02-19 00:15:00,37.81
O0002093,U034457,2026-02-19 00:15:00,50.39
O0002095,U000205,2026-02-19 00:15:00,36.18
O0000146,U038198,2026-02-20 00:15:00,23.2
O0000426,U030875,2026-02-20 00:15:00,168.35
O0000890,U025096,2026-02-20 00:15:00,107.16
O0001495,U040073,2026-02-20 00:15:00,22.36
O0001555,U033506,2026-02-20 00:15:00,28.15
O0001785,U024441,2026-02-20 00:15:00,80.06
O0001926,U045254,2026-02-20 00:15:00,58.87
O0002022,U003104,2026-02-20 00:15:00,86.05
O0002100,U015081,2026-02-20 00:15:00,50.5
O0002102,U015749,2026-02-20 00:15:00,120.03
O0002109,U000612,2026-02-20 00:15:00,25.91
O0000582,U043782,2026-02-21 00:15:00,59.94
O0000647,U004766,2026-02-21 00:15:00,168.25
O0000754,U010404,2026-02-21 00:15:00,88.11
O0000895,U031315,2026-02-21 00:15:00,134.3
O0001481,U031020,2026-02-21 00:15:00,144.46
O0001763,U047616,2026-02-21 00:15:00,53.94
O0002067,U043189,2026-02-21 00:15:00,64.03
O0002112,U045704,2026-02-21 00:15:00,74.69
O0002113,U041465,2026-02-21 00:15:00,144.24
O0002114,U021031,2026-02-21 00:15:00,34.25
O0002117,U021472,2026-02-21 00:15:00,101.16
O0002121,U018612,2026-02-21 00:15:00,46.27
O0000129,U029114,2026-02-22 00:15:00,52.75
O0000274,U019402,2026-02-22 00:15:00,44.72
O0000583,U039793,2026-02-22 00:15:00,56.26
O0000781,U031794,2026-02-22 00:15:00,88.32
O0001780,U025100,2026-02-22 00:15:00,102.14
O0001885,U003285,2026-02-22 00:15:00,48.35
O0001935,U007531,2026-02-22 00:15:00,47.73
O0002123,U008169,2026-02-22 00:15:00,97.88
O0002124,U030849,2026-02-22 00:15:00,131.99
O0002127,U044077,2026-02-22 00:15:00,65.55
O0002132,U005769,2026-02-22 00:15:00,40.99
O0002134,U007187,2026-02-22 00:15:00,71.49
O0000463,U000808,2026-02-23 00:15:00,106.13
O0000829,U036673,2026-02-23 00:15:00,89.62
O0000838,U045643,2026-02-23 00:15:00,78.62
O0002001,U002999,2026-02-23 00:15:00,84.7
O0002108,U030893,2026-02-23 00:15:00,38.18
O0002144,U020357,2026-02-23 00:15:00,92.77
O0000057,U037246,2026-02-24 00:15:00,69.92
O0000912,U028483,2026-02-24 00:15:00,80.94
O0001133,U028278,2026-02-24 00:15:00,76.61
O0001326,U007670,2026-02-24 00:15:00,117.57
O0001504,U014640,2026-02-24 00:15:00,147.16
O0001699,U001151,2026-02-24 00:15:00,75.23
O0001713,U017912,2026-02-24 00:15:00,96.33
O0002018,U011234,2026-02-24 00:15:00,95.23
O0002157,U010502,2026-02-24 00:15:00,66.96
O0002159,U020819,2026-02-24 00:15:00,97.57
O0002160,U049232,2026-02-24 00:15:00,64.23
O0002162,U035626,2026-02-24 00:15:00,262.41
O0002164,U017272,2026-02-24 00:15:00,32.21
O0002165,U046288,2026-02-24 00:15:00,31.95
O0002166,U027788,2026-02-24 00:15:00,50.33
O0002167,U033100,2026-02-24 00:15:00,47.51
O0002174,U045077,2026-02-24 00:15:00,111.78
O0000119,U007485,2026-02-25 00:15:00,31.12
O0000752,U029725,2026-02-25 00:15:00,83.16
O0001049,U031555,2026-02-25 00:15:00,59.17
O0001286,U026309,2026-02-25 00:15:00,70.7
O0001310,U012416,2026-02-25 00:15:00,104.56
O0001405,U005986,2026-02-25 00:15:00,132.86
O0001673,U041184,2026-02-25 00:15:00,40.95
O0001727,U016969,2026-02-25 00:15:00,96.49
O0001789,U038754,2026-02-25 00:15:00,96.51
O0002080,U015697,2026-02-25 00:15:00,36.67
O0002181,U007094,2026-02-25 00:15:00,86.13
O0002182,U017927,2026-02-25 00:15:00,21.26
O0002184,U016493,2026-02-25 00:15:00,49.56
O0002186,U006311,2026-02-25 00:15:00,56.94
O0002187,U003923,2026-02-25 00:15:00,18.23
O0002199,U032848,2026-02-25 00:15:00,69.8
O0000478,U015062,2026-02-26 00:15:00,32.86
O0000597,U041273,2026-02-26 00:15:00,47.2
O0000732,U041493,2026-02-26 00:15:00,87.95
O0000907,U047452,2026-02-26 00:15:00,71.97
O0000911,U042932,2026-02-26 00:15:00,67.17
O0001267,U044885,2026-02-26 00:15:00,42.55
O0001374,U013403,2026-02-26 00:15:00,50.69
O0001442,U036845,2026-02-26 00:15:00,28.98
O0001721,U001772,2026-02-26 00:15:00,56.96
O0001931,U021498,2026-02-26 00:15:00,38.36
O0002131,U004707,2026-02-26 00:15:00,66.5
O0002175,U044024,2026-02-26 00:15:00,126.97
O0002190,U006663,2026-02-26 00:15:00,77.93
O0002205,U029896,2026-02-26 00:15:00,25.36
O0002215,U023270,2026-02-26 00:15:00,67.19
O0000866,U009502,2026-02-27 00:15:00,243.45
O0001174,U012226,2026-02-27 00:15:00,55.19
O0001259,U008324,2026-02-27 00:15:00,58.57
O0001313,U013515,2026-02-27 00:15:00,47.74
O0001582,U001592,2026-02-27 00:15:00,119.06
O0001679,U032208,2026-02-27 00:15:00,17.13
O0001956,U025775,2026-02-27 00:15:00,35.18
O0002044,U039983,2026-02-27 00:15:00,77.24
O0002129,U020938,2026-02-27 00:15:00,71.92
O0002155,U007325,2026-02-27 00:15:00,30.37
O0002223,U046371,2026-02-27 00:15:00,61.89
O0002226,U042218,2026-02-27 00:15:00,138.11
O0002228,U020953,2026-02-27 00:15:00,41.8
O0002229,U035434,2026-02-27 00:15:00,107.74
O0002235,U020624,2026-02-27 00:15:00,105.38
O0002236,U018766,2026-02-27 00:15:00,113.9
O0002241,U029756,2026-02-27 00:15:00,100.72
O0002242,U006508,2026-02-27 00:15:00,34.48
O0002243,U037023,2026-02-27 00:15:00,114.91
O0002244,U013273,2026-02-27 00:15:00,19.83
O0000103,U012852,2026-02-28 00:15:00,49.0
O0000511,U011746,2026-02-28 00:15:00,94.74
O0000550,U024926,2026-02-28 00:15:00,25.91
O0000883,U040553,2026-02-28 00:15:00,42.99
O0001909,U020509,2026-02-28 00:15:00,46.88
O0002063,U001184,2026-02-28 00:15:00,95.5
O0002178,U015529,2026-02-28 00:15:00,83.3
O0002210,U038196,2026-02-28 00:15:00,52.63
O0002249,U044952,2026-02-28 00:15:00,37.99
O0002260,U042496,2026-02-28 00:15:00,82.78
O0002261,U014388,2026-02-28 00:15:00,33.06
O0000344,U017815,2026-03-01 00:15:00,54.98
O0000458,U009316,2026-03-01 00:15:00,250.52
O0000627,U014311,2026-03-01 00:15:00,106.74
O0000638,U028099,2026-03-01 00:15:00,76.58
O0001003,U000903,2026-03-01 00:15:00,44.34
O0001301,U049560,2026-03-01 00:15:00,112.57
O0001542,U035894,2026-03-01 00:15:00,82.27
O0001793,U033191,2026-03-01 00:15:00,42.9
O0001940,U047155,2026-03-01 00:15:00,49.36
O0001976,U009389,2026-03-01 00:15:00,28.37
O0002266,U005007,2026-03-01 00:15:00,105.76
O0002269,U006596,2026-03-01 00:15:00,49.27
O0002272,U000055,2026-03-01 00:15:00,57.0
O0002273,U049182,2026-03-01 00:15:00,50.88
O0002281,U038992,2026-03-01 00:15:00,36.76
O0002283,U014741,2026-03-01 00:15:00,115.6
O0000201,U017774,2026-03-02 00:15:00,53.98
O0000422,U038925,2026-03-02 00:15:00,56.39
O0000803,U021522,2026-03-02 00:15:00,74.77
O0001087,U035842,2026-03-02 00:15:00,86.51
O0001158,U042878,2026-03-02 00:15:00,51.76
O0001212,U003168,2026-03-02 00:15:00,107.97
O0001350,U026993,2026-03-02 00:15:00,86.35
O0001438,U023611,2026-03-02 00:15:00,49.2
O0001524,U022782,2026-03-02 00:15:00,41.83
O0001648,U043079,2026-03-02 00:15:00,93.69
O0001914,U002420,2026-03-02 00:15:00,34.83
O0001927,U049401,2026-03-02 00:15:00,135.83
O0002216,U006590,2026-03-02 00:15:00,79.82
O0002297,U009522,2026-03-02 00:15:00,69.04
O0002298,U034149,2026-03-02 00:15:00,47.22
O0002299,U014342,2026-03-02 00:15:00,41.88
O0002300,U008274,2026-03-02 00:15:00,50.2
O0002301,U031294,2026-03-02 00:15:00,64.91
O0002303,U009415,2026-03-02 00:15:00,74.42
O0002309,U022602,2026-03-02 00:15:00,224.72
O0002313,U038049,2026-03-02 00:15:00,65.4
O0000209,U028418,2026-03-03 00:15:00,50.1
O0000738,U008161,2026-03-03 00:15:00,84.47
O0000846,U003295,2026-03-03 00:15:00,37.75
O0000915,U033219,2026-03-03 00:15:00,57.9
O0001518,U042372,2026-03-03 00:15:00,86.21
O0001694,U021207,2026-03-03 00:15:00,46.67
O0001879,U025353,2026-03-03 00:15:00,22.7
O0001883,U015588,2026-03-03 00:15:00,24.36
O0002201,U013601,2026-03-03 00:15:00,73.73
O0002238,U023601,2026-03-03 00:15:00,48.58
O0002288,U007553,2026-03-03 00:15:00,63.69
O0002314,U003129,2026-03-03 00:15:00,79.18
O0002316,U030559,2026-03-03 00:15:00,77.68
O0002320,U006119,2026-03-03 00:15:00,46.66
O0002323,U011627,2026-03-03 00:15:00,56.14
O0000271,U046415,2026-03-04 00:15:00,24.33
O0000375,U004698,2026-03-04 00:15:00,28.81
O0000856,U044252,2026-03-04 00:15:00,10.62
O0000966,U019915,2026-03-04 00:15:00,33.32
O0001113,U046852,2026-03-04 00:15:00,69.02
O0001358,U024857,2026-03-04 00:15:00,26.56
O0002195,U011983,2026-03-04 00:15:00,26.87
O0002338,U025016,2026-03-04 00:15:00,62.42
O0002339,U015340,2026-03-04 00:15:00,99.66
O0002352,U008746,2026-03-04 00:15:00,21.07
O0000213,U012447,2026-03-05 00:15:00,33.26
O0000818,U030516,2026-03-05 00:15:00,52.13
O0001207,U023071,2026-03-05 00:15:00,46.92
O0001331,U007346,2026-03-05 00:15:00,64.4
O0001388,U041764,2026-03-05 00:15:00,54.51
O0001726,U027691,2026-03-05 00:15:00,34.35
O0001751,U040628,2026-03-05 00:15:00,47.07
O0001775,U031530,2026-03-05 00:15:00,34.22
O0001951,U019227,2026-03-05 00:15:00,152.01
O0002137,U044766,2026-03-05 00:15:00,55.84
O0002356,U047741,2026-03-05 00:15:00,86.65
O0002357,U025284,2026-03-05 00:15:00,178.48
O0002359,U042900,2026-03-05 00:15:00,36.37
O0002362,U012223,2026-03-05 00:15:00,51.36
O0002370,U038549,2026-03-05 00:15:00,136.46
O0002371,U025390,2026-03-05 00:15:00,83.92
O0002372,U042454,2026-03-05 00:15:00,43.37
O0001110,U040851,2026-03-06 00:15:00,39.83
O0001455,U019137,2026-03-06 00:15:00,119.94
O0001485,U017509,2026-03-06 00:15:00,45.55
O0001522,U049137,2026-03-06 00:15:00,40.86
O0001737,U006060,2026-03-06 00:15:00,53.92
O0001902,U042204,2026-03-06 00:15:00,42.88
O0001988,U031151,2026-03-06 00:15:00,88.24
O0002305,U027634,2026-03-06 00:15:00,54.91
O0002379,U032444,2026-03-06 00:15:00,112.04
O0002380,U001916,2026-03-06 00:15:00,40.56
O0002381,U023004,2026-03-06 00:15:00,66.67
O0002382,U005910,2026-03-06 00:15:00,48.41
O0002383,U023531,2026-03-06 00:15:00,48.46
O0002384,U023049,2026-03-06 00:15:00,27.76
O0002388,U035666,2026-03-06 00:15:00,113.42
O0002392,U049817,2026-03-06 00:15:00,60.07
O0002396,U043500,2026-03-06 00:15:00,48.05
O0002398,U031467,2026-03-06 00:15:00,47.09
O0000041,U003234,2026-03-07 00:15:00,65.91
O0000048,U027238,2026-03-07 00:15:00,49.02
O0000104,U046887,2026-03-07 00:15:00,164.66
O0000667,U018234,2026-03-07 00:15:00,34.71
O0000700,U022249,2026-03-07 00:15:00,110.86
O0001390,U020582,2026-03-07 00:15:00,26.54
O0002016,U003081,2026-03-07 00:15:00,178.47
O0002027,U020792,2026-03-07 00:15:00,34.67
O0002240,U025280,2026-03-07 00:15:00,43.1
O0002328,U041057,2026-03-07 00:15:00,13.81
O0002332,U023544,2026-03-07 00:15:00,173.3
O0002404,U014052,2026-03-07 00:15:00,64.09
O0002409,U021586,2026-03-07 00:15:00,83.73
O0002410,U010751,2026-03-07 00:15:00,42.65
O0002413,U008091,2026-03-07 00:15:00,47.17
O0000046,U017031,2026-03-08 00:15:00,28.14
O0000113,U049260,2026-03-08 00:15:00,44.29
O0000530,U022059,2026-03-08 00:15:00,65.69
O0001148,U005451,2026-03-08 00:15:00,68.18
O0001268,U008972,2026-03-08 00:15:00,88.2
O0001813,U018066,2026-03-08 00:15:00,37.84
O0001821,U015683,2026-03-08 00:15:00,40.01
O0002011,U002565,2026-03-08 00:15:00,32.75
O0002191,U039326,2026-03-08 00:15:00,38.79
O0002295,U047969,2026-03-08 00:15:00,34.07
O0002419,U005520,2026-03-08 00:15:00,39.54
O0002424,U018806,2026-03-08 00:15:00,95.55
O0002426,U002489,2026-03-08 00:15:00,95.99
O0002427,U037668,2026-03-08 00:15:00,94.36
O0002428,U017091,2026-03-08 00:15:00,95.97
O0000021,U018447,2026-03-09 00:15:00,97.99
O0000106,U046427,2026-03-09 00:15:00,47.31
O0000295,U022693,2026-03-09 00:15:00,43.91
O0000365,U024502,2026-03-09 00:15:00,68.1
O0000710,U041384,2026-03-09 00:15:00,84.57
O0000904,U009971,2026-03-09 00:15:00,138.95
O0001697,U017930,2026-03-09 00:15:00,32.09
O0002053,U004144,2026-03-09 00:15:00,21.72
O0002083,U028227,2026-03-09 00:15:00,140.13
O0002231,U047440,2026-03-09 00:15:00,51.91
O0002376,U049170,2026-03-09 00:15:00,82.01
O0002437,U028570,2026-03-09 00:15:00,27.6
O0002443,U022317,2026-03-09 00:15:00,18.55
O0002455,U003478,2026-03-09 00:15:00,57.67
O0002456,U025605,2026-03-09 00:15:00,130.91
O0000102,U000369,2026-03-10 00:15:00,60.67
O0000292,U000387,2026-03-10 00:15:00,32.1
O0000336,U019313,2026-03-10 00:15:00,25.55
O0000445,U046561,2026-03-10 00:15:00,17.4
O0000515,U020255,2026-03-10 00:15:00,43.74
O0000563,U030458,2026-03-10 00:15:00,57.75
O0000931,U032619,2026-03-10 00:15:00,63.79
O0000967,U022741,2026-03-10 00:15:00,49.16
O0001146,U042426,2026-03-10 00:15:00,30.69
O0001757,U008875,2026-03-10 00:15:00,71.81
O0002318,U019521,2026-03-10 00:15:00,164.04
O0002469,U011386,2026-03-10 00:15:00,43.84
O0002476,U006556,2026-03-10 00:15:00,70.09
O0000086,U011519,2026-03-11 00:15:00,38.43
O0001026,U042434,2026-03-11 00:15:00,97.48
O0001587,U011068,2026-03-11 00:15:00,33.74
O0001960,U008291,2026-03-11 00:15:00,57.45
O0002245,U046769,2026-03-11 00:15:00,187.69
O0002292,U023243,2026-03-11 00:15:00,40.24
O0002329,U045786,2026-03-11 00:15:00,62.65
O0002402,U047742,2026-03-11 00:15:00,47.28
O0002478,U007085,2026-03-11 00:15:00,147.21
O0002481,U035766,2026-03-11 00:15:00,149.88
O0002482,U024098,2026-03-11 00:15:00,33.4
O0002483,U043896,2026-03-11 00:15:00,99.0
O0002484,U018514,2026-03-11 00:15:00,14.71
O0002485,U027150,2026-03-11 00:15:00,149.48
O0002489,U019793,2026-03-11 00:15:00,98.23
O0002490,U042174,2026-03-11 00:15:00,70.32
O0002492,U045867,2026-03-11 00:15:00,130.96
O0002495,U018749,2026-03-11 00:15:00,15.75
O0000617,U006695,2026-03-12 00:15:00,20.71
O0000794,U041923,2026-03-12 00:15:00,81.84
O0000835,U045562,2026-03-12 00:15:00,88.49
O0001376,U047641,2026-03-12 00:15:00,84.61
O0001402,U037451,2026-03-12 00:15:00,89.65
O0001430,U007794,2026-03-12 00:15:00,26.55
O0001483,U033811,2026-03-12 00:15:00,26.43
O0001670,U016522,2026-03-12 00:15:00,93.94
O0002089,U043826,2026-03-12 00:15:00,34.18
O0002263,U046205,2026-03-12 00:15:00,53.69
O0002270,U005389,2026-03-12 00:15:00,72.23
O0002287,U040606,2026-03-12 00:15:00,119.54
O0002440,U022675,2026-03-12 00:15:00,18.78
O0002501,U032905,2026-03-12 00:15:00,172.88
O0002514,U014761,2026-03-12 00:15:00,59.38
O0000332,U007556,2026-03-13 00:15:00,35.86
O0000399,U012312,2026-03-13 00:15:00,105.6
O0001804,U001754,2026-03-13 00:15:00,48.75
O0001950,U046447,2026-03-13 00:15:00,31.56
O0001996,U005051,2026-03-13 00:15:00,81.48
O0002010,U038089,2026-03-13 00:15:00,30.18
O0002042,U023907,2026-03-13 00:15:00,84.07
O0002188,U013509,2026-03-13 00:15:00,74.22
O0002254,U003141,2026-03-13 00:15:00,38.74
O0002271,U005973,2026-03-13 00:15:00,43.68
O0002519,U045567,2026-03-13 00:15:00,63.26
O0002522,U030971,2026-03-13 00:15:00,46.03
O0002523,U033837,2026-03-13 00:15:00,22.9
O0002528,U029321,2026-03-13 00:15:00,37.28
O0002529,U037936,2026-03-13 00:15:00,109.41
O0000347,U034007,2026-03-14 00:15:00,50.1
O0000705,U017006,2026-03-14 00:15:00,68.14
O0000995,U043434,2026-03-14 00:15:00,58.26
O0001005,U018475,2026-03-14 00:15:00,78.69
O0001083,U043922,2026-03-14 00:15:00,43.26
O0001290,U023238,2026-03-14 00:15:00,128.2
O0001291,U002807,2026-03-14 00:15:00,97.88
O0001490,U045780,2026-03-14 00:15:00,49.94
O0001823,U018694,2026-03-14 00:15:00,43.8
O0002213,U030526,2026-03-14 00:15:00,86.39
O0002248,U046158,2026-03-14 00:15:00,132.5
O0002537,U027244,2026-03-14 00:15:00,96.28
O0002546,U018073,2026-03-14 00:15:00,68.87
O0002551,U033652,2026-03-14 00:15:00,79.3
O0002552,U022588,2026-03-14 00:15:00,72.1
O0002553,U023609,2026-03-14 00:15:00,47.68
O0002555,U026120,2026-03-14 00:15:00,88.04
O0000411,U020813,2026-03-15 00:15:00,18.6
O0001364,U043359,2026-03-15 00:15:00,28.79
O0001554,U032959,2026-03-15 00:15:00,41.6
O0001598,U042547,2026-03-15 00:15:00,25.92
O0001688,U007543,2026-03-15 00:15:00,93.36
O0001890,U002749,2026-03-15 00:15:00,40.37
O0002374,U025428,2026-03-15 00:15:00,57.6
O0002453,U003017,2026-03-15 00:15:00,45.63
O0002479,U004821,2026-03-15 00:15:00,87.09
O0002557,U028507,2026-03-15 00:15:00,27.62
O0002560,U042742,2026-03-15 00:15:00,89.69
O0002561,U033145,2026-03-15 00:15:00,36.51
O0002562,U016998,2026-03-15 00:15:00,61.43
O0002564,U012930,2026-03-15 00:15:00,37.85
O0002567,U024629,2026-03-15 00:15:00,59.52
O0000448,U020184,2026-03-16 00:15:00,38.49
O0001023,U035870,2026-03-16 00:15:00,29.41
O0001170,U010247,2026-03-16 00:15:00,51.54
O0001211,U038805,2026-03-16 00:15:00,60.07
O0001217,U026587,2026-03-16 00:15:00,22.64
O0001585,U009466,2026-03-16 00:15:00,156.99
O0001692,U019967,2026-03-16 00:15:00,89.97
O0001867,U024207,2026-03-16 00:15:00,46.61
O0002078,U003981,2026-03-16 00:15:00,43.98
O0002169,U030443,2026-03-16 00:15:00,132.3
O0002257,U031480,2026-03-16 00:15:00,44.83
O0002274,U006533,2026-03-16 00:15:00,117.28
O0002452,U009890,2026-03-16 00:15:00,60.17
O0002472,U027185,2026-03-16 00:15:00,74.04
O0002550,U035177,2026-03-16 00:15:00,162.2
O0002580,U030309,2026-03-16 00:15:00,25.62
O0002581,U036496,2026-03-16 00:15:00,70.68
O0000408,U026531,2026-03-17 00:15:00,68.98
O0000533,U049042,2026-03-17 00:15:00,71.93
O0000695,U046030,2026-03-17 00:15:00,155.05
O0000779,U030940,2026-03-17 00:15:00,59.97
O0000914,U000339,2026-03-17 00:15:00,56.52
O0001084,U035016,2026-03-17 00:15:00,114.44
O0001723,U007338,2026-03-17 00:15:00,126.57
O0001734,U023893,2026-03-17 00:15:00,60.89
O0001806,U020918,2026-03-17 00:15:00,70.33
O0001833,U019600,2026-03-17 00:15:00,39.93
O0001838,U005180,2026-03-17 00:15:00,29.05
O0001870,U046521,2026-03-17 00:15:00,50.18
O0001882,U000065,2026-03-17 00:15:00,96.76
O0002035,U041111,2026-03-17 00:15:00,50.28
O0002284,U045870,2026-03-17 00:15:00,86.96
O0002354,U048417,2026-03-17 00:15:00,80.08
O0002420,U003728,2026-03-17 00:15:00,72.49
O0002518,U016632,2026-03-17 00:15:00,11.22
O0002539,U016968,2026-03-17 00:15:00,49.25
O0002592,U036978,2026-03-17 00:15:00,22.12
O0002596,U000079,2026-03-17 00:15:00,89.68
O0002598,U028129,2026-03-17 00:15:00,37.45
O0001059,U009930,2026-03-18 00:15:00,50.79
O0001891,U017307,2026-03-18 00:15:00,47.91
O0001955,U049218,2026-03-18 00:15:00,18.0
O0002081,U041247,2026-03-18 00:15:00,75.86
O0002202,U040389,2026-03-18 00:15:00,98.73
O0002430,U003539,2026-03-18 00:15:00,149.67
O0002461,U025402,2026-03-18 00:15:00,28.64
O0002497,U028675,2026-03-18 00:15:00,74.61
O0002510,U038315,2026-03-18 00:15:00,66.94
O0002570,U020324,2026-03-18 00:15:00,53.63
O0002601,U038679,2026-03-18 00:15:00,21.83
O0002604,U041584,2026-03-18 00:15:00,96.89
O0002605,U013744,2026-03-18 00:15:00,40.16
O0002608,U011139,2026-03-18 00:15:00,55.13
O0002609,U029645,2026-03-18 00:15:00,91.0
O0002612,U029585,2026-03-18 00:15:00,102.81
O0002613,U041011,2026-03-18 00:15:00,72.91
O0002614,U045147,2026-03-18 00:15:00,30.7
O0002616,U010559,2026-03-18 00:15:00,34.22
O0002619,U015103,2026-03-18 00:15:00,57.03
O0002622,U011040,2026-03-18 00:15:00,51.96
O0000001,U038414,2026-03-19 00:15:00,69.66
O0000092,U027896,2026-03-19 00:15:00,35.94
O0000259,U043111,2026-03-19 00:15:00,48.76
O0000624,U010726,2026-03-19 00:15:00,95.48
O0000633,U046327,2026-03-19 00:15:00,50.24
O0000790,U042518,2026-03-19 00:15:00,89.0
O0001161,U013172,2026-03-19 00:15:00,41.16
O0001273,U002110,2026-03-19 00:15:00,31.67
O0001493,U013709,2026-03-19 00:15:00,112.05
O0001514,U030902,2026-03-19 00:15:00,36.67
O0001590,U025157,2026-03-19 00:15:00,41.29
O0001595,U046272,2026-03-19 00:15:00,29.79
O0001954,U030834,2026-03-19 00:15:00,74.68
O0002222,U025930,2026-03-19 00:15:00,19.81
O0002253,U026231,2026-03-19 00:15:00,63.18
O0002422,U012364,2026-03-19 00:15:00,14.09
O0002450,U001991,2026-03-19 00:15:00,29.75
O0002503,U038193,2026-03-19 00:15:00,25.95
O0002504,U034932,2026-03-19 00:15:00,28.97
O0002630,U046162,2026-03-19 00:15:00,100.67
O0002632,U038509,2026-03-19 00:15:00,57.9
O0002634,U016436,2026-03-19 00:15:00,113.7
O0002636,U033139,2026-03-19 00:15:00,37.23
O0002639,U009812,2026-03-19 00:15:00,46.48
O0000621,U021589,2026-03-20 00:15:00,101.5
O0000631,U015161,2026-03-20 00:15:00,60.2
O0001001,U046082,2026-03-20 00:15:00,49.24
O0001480,U005077,2026-03-20 00:15:00,83.31
O0001656,U048082,2026-03-20 00:15:00,43.39
O0001826,U038267,2026-03-20 00:15:00,30.97
O0001876,U028496,2026-03-20 00:15:00,81.2
O0001964,U021188,2026-03-20 00:15:00,29.76
O0001987,U002661,2026-03-20 00:15:00,146.92
O0002021,U029167,2026-03-20 00:15:00,53.54
O0002115,U030372,2026-03-20 00:15:00,32.23
O0002232,U039249,2026-03-20 00:15:00,109.52
O0002418,U044478,2026-03-20 00:15:00,27.42
O0002439,U015010,2026-03-20 00:15:00,84.05
O0002459,U004819,2026-03-20 00:15:00,29.83
O0002494,U047638,2026-03-20 00:15:00,58.62
O0002642,U011198,2026-03-20 00:15:00,52.44
O0002643,U012880,2026-03-20 00:15:00,43.45
O0002644,U010431,2026-03-20 00:15:00,77.29
O0002646,U037322,2026-03-20 00:15:00,143.22
O0002647,U018328,2026-03-20 00:15:00,104.62
O0002652,U043209,2026-03-20 00:15:00,22.25
O0002653,U020786,2026-03-20 00:15:00,80.8
O0000203,U025012,2026-03-21 00:15:00,69.05
O0001270,U041291,2026-03-21 00:15:00,37.99
O0001332,U045090,2026-03-21 00:15:00,66.81
O0001450,U019506,2026-03-21 00:15:00,51.58
O0001453,U016475,2026-03-21 00:15:00,31.5
O0001519,U006017,2026-03-21 00:15:00,11.33
O0001886,U006505,2026-03-21 00:15:00,28.29
O0001888,U038204,2026-03-21 00:15:00,78.05
O0001989,U002916,2026-03-21 00:15:00,126.22
O0002082,U019530,2026-03-21 00:15:00,32.1
O0002158,U029917,2026-03-21 00:15:00,30.74
O0002363,U045106,2026-03-21 00:15:00,36.26
O0002655,U038051,2026-03-21 00:15:00,90.32
O0002662,U011353,2026-03-21 00:15:00,49.63
O0002664,U001760,2026-03-21 00:15:00,31.51
O0002667,U022915,2026-03-21 00:15:00,24.39
O0000447,U038328,2026-03-22 00:15:00,105.27
O0000508,U040370,2026-03-22 00:15:00,56.75
O0000567,U005946,2026-03-22 00:15:00,69.89
O0000686,U018348,2026-03-22 00:15:00,74.75
O0001031,U044830,2026-03-22 00:15:00,23.19
O0001195,U047293,2026-03-22 00:15:00,101.47
O0001423,U039344,2026-03-22 00:15:00,48.19
O0001953,U048527,2026-03-22 00:15:00,35.22
O0002037,U028852,2026-03-22 00:15:00,111.77
O0002142,U002913,2026-03-22 00:15:00,35.64
O0002147,U028998,2026-03-22 00:15:00,72.7
O0002312,U040603,2026-03-22 00:15:00,42.42
O0002348,U030588,2026-03-22 00:15:00,44.83
O0002463,U001922,2026-03-22 00:15:00,27.5
O0002675,U046112,2026-03-22 00:15:00,83.11
O0002678,U018685,2026-03-22 00:15:00,33.18
O0002679,U005363,2026-03-22 00:15:00,23.0
O0002681,U040388,2026-03-22 00:15:00,92.04
O0002682,U048660,2026-03-22 00:15:00,32.13
O0000122,U007724,2026-03-23 00:15:00,44.98
O0000516,U036827,2026-03-23 00:15:00,87.98
O0000577,U031587,2026-03-23 00:15:00,92.49
O0000768,U043418,2026-03-23 00:15:00,130.83
O0000903,U032722,2026-03-23 00:15:00,70.1
O0001299,U036293,2026-03-23 00:15:00,121.01
O0001643,U014350,2026-03-23 00:15:00,26.85
O0001644,U027133,2026-03-23 00:15:00,111.44
O0001824,U016370,2026-03-23 00:15:00,45.77
O0002138,U000109,2026-03-23 00:15:00,68.79
O0002279,U049066,2026-03-23 00:15:00,72.34
O0002385,U022692,2026-03-23 00:15:00,87.13
O0002513,U031186,2026-03-23 00:15:00,25.47
O0002680,U015020,2026-03-23 00:15:00,36.27
O0002692,U018918,2026-03-23 00:15:00,47.79
O0002695,U022332,2026-03-23 00:15:00,83.92
O0002707,U021094,2026-03-23 00:15:00,84.45
O0000165,U041714,2026-03-24 00:15:00,66.28
O0000374,U023421,2026-03-24 00:15:00,69.1
O0000521,U031063,2026-03-24 00:15:00,37.42
O0001281,U025838,2026-03-24 00:15:00,39.67
O0001409,U031187,2026-03-24 00:15:00,50.08
O0001496,U004151,2026-03-24 00:15:00,45.1
O0001732,U047751,2026-03-24 00:15:00,112.86
O0001809,U027743,2026-03-24 00:15:00,43.62
O0002156,U008181,2026-03-24 00:15:00,148.26
O0002204,U004608,2026-03-24 00:15:00,25.1
O0002306,U041099,2026-03-24 00:15:00,39.68
O0002378,U033350,2026-03-24 00:15:00,38.51
O0002710,U007912,2026-03-24 00:15:00,26.4
O0002711,U034002,2026-03-24 00:15:00,126.14
O0002717,U041134,2026-03-24 00:15:00,28.43
O0002723,U031002,2026-03-24 00:15:00,47.1
O0000145,U018020,2026-03-25 00:15:00,56.08
O0000174,U035519,2026-03-25 00:15:00,38.46
O0000622,U032650,2026-03-25 00:15:00,55.21
O0000656,U015460,2026-03-25 00:15:00,51.22
O0000817,U048023,2026-03-25 00:15:00,27.68
O0001306,U031997,2026-03-25 00:15:00,106.93
O0001382,U027277,2026-03-25 00:15:00,69.27
O0001811,U037250,2026-03-25 00:15:00,42.15
O0001938,U003771,2026-03-25 00:15:00,45.58
O0002004,U033800,2026-03-25 00:15:00,160.07
O0002097,U046761,2026-03-25 00:15:00,78.08
O0002118,U007510,2026-03-25 00:15:00,30.78
O0002521,U003828,2026-03-25 00:15:00,26.84
O0002548,U044666,2026-03-25 00:15:00,65.02
O0002713,U026126,2026-03-25 00:15:00,73.35
O0002726,U017970,2026-03-25 00:15:00,79.58
O0002732,U038295,2026-03-25 00:15:00,28.13
O0002735,U025835,2026-03-25 00:15:00,34.46
O0002739,U028132,2026-03-25 00:15:00,88.83
O0000632,U048723,2026-03-26 00:15:00,82.39
O0000961,U029639,2026-03-26 00:15:00,42.1
O0001415,U049318,2026-03-26 00:15:00,100.14
O0001420,U019735,2026-03-26 00:15:00,58.08
O0001650,U048050,2026-03-26 00:15:00,95.31
O0001683,U034459,2026-03-26 00:15:00,53.71
O0002125,U032568,2026-03-26 00:15:00,93.79
O0002136,U015329,2026-03-26 00:15:00,28.26
O0002183,U001146,2026-03-26 00:15:00,39.56
O0002185,U019446,2026-03-26 00:15:00,58.54
O0002558,U048592,2026-03-26 00:15:00,140.04
O0002584,U002604,2026-03-26 00:15:00,39.96
O0002594,U042562,2026-03-26 00:15:00,34.53
O0002629,U049931,2026-03-26 00:15:00,101.61
O0002635,U033062,2026-03-26 00:15:00,37.17
O0002742,U034935,2026-03-26 00:15:00,68.39
O0002747,U040619,2026-03-26 00:15:00,60.21
O0002748,U021835,2026-03-26 00:15:00,26.46
O0002751,U029424,2026-03-26 00:15:00,124.02
O0002752,U043882,2026-03-26 00:15:00,58.14
O0002755,U023387,2026-03-26 00:15:00,61.97
O0000272,U046873,2026-03-27 00:15:00,54.17
O0000410,U002266,2026-03-27 00:15:00,57.16
O0000485,U033212,2026-03-27 00:15:00,24.07
O0000618,U035415,2026-03-27 00:15:00,65.38
O0000637,U034698,2026-03-27 00:15:00,51.33
O0001018,U017403,2026-03-27 00:15:00,60.02
O0001445,U032730,2026-03-27 00:15:00,38.33
O0001735,U006063,2026-03-27 00:15:00,49.55
O0001810,U040423,2026-03-27 00:15:00,104.94
O0002209,U049053,2026-03-27 00:15:00,50.25
O0002345,U044722,2026-03-27 00:15:00,129.0
O0002417,U012173,2026-03-27 00:15:00,27.56
O0002544,U034733,2026-03-27 00:15:00,31.04
O0002620,U028268,2026-03-27 00:15:00,33.95
O0002659,U035632,2026-03-27 00:15:00,77.81
O0002759,U003810,2026-03-27 00:15:00,156.07
O0002761,U010197,2026-03-27 00:15:00,37.55
O0000433,U036229,2026-03-28 00:15:00,88.47
O0000588,U044430,2026-03-28 00:15:00,116.73
O0000713,U023792,2026-03-28 00:15:00,46.76
O0000872,U030518,2026-03-28 00:15:00,84.21
O0001078,U009124,2026-03-28 00:15:00,106.87
O0001709,U012192,2026-03-28 00:15:00,99.41
O0001729,U016242,2026-03-28 00:15:00,48.46
O0001760,U008894,2026-03-28 00:15:00,38.29
O0001967,U000547,2026-03-28 00:15:00,86.85
O0002075,U029632,2026-03-28 00:15:00,46.6
O0002251,U041297,2026-03-28 00:15:00,92.8
O0002447,U011011,2026-03-28 00:15:00,21.48
O0002468,U005597,2026-03-28 00:15:00,93.24
O0002597,U006960,2026-03-28 00:15:00,70.12
O0002773,U005788,2026-03-28 00:15:00,187.95
O0002775,U047339,2026-03-28 00:15:00,99.0
O0002776,U001181,2026-03-28 00:15:00,38.33
O0002780,U031230,2026-03-28 00:15:00,34.54
O0002781,U037784,2026-03-28 00:15:00,74.9
O0000200,U032368,2026-03-29 00:15:00,48.57
O0000819,U002738,2026-03-29 00:15:00,44.01
O0001136,U005918,2026-03-29 00:15:00,87.34
O0001285,U000573,2026-03-29 00:15:00,49.62
O0001348,U043499,2026-03-29 00:15:00,37.53
O0001581,U030171,2026-03-29 00:15:00,105.34
O0001655,U023478,2026-03-29 00:15:00,27.92
O0001724,U004401,2026-03-29 00:15:00,24.31
O0001802,U018257,2026-03-29 00:15:00,112.38
O0001803,U027515,2026-03-29 00:15:00,36.84
O0001840,U007833,2026-03-29 00:15:00,41.9
O0002002,U034447,2026-03-29 00:15:00,46.31
O0002179,U027868,2026-03-29 00:15:00,100.62
O0002218,U030347,2026-03-29 00:15:00,68.01
O0002505,U047385,2026-03-29 00:15:00,188.49
O0002624,U036595,2026-03-29 00:15:00,34.53
O0002782,U022208,2026-03-29 00:15:00,37.99
O0002783,U044344,2026-03-29 00:15:00,64.16
O0002785,U032775,2026-03-29 00:15:00,96.75
O0002789,U008354,2026-03-29 00:15:00,53.04
O0000243,U025883,2026-03-30 00:15:00,46.42
O0000933,U049477,2026-03-30 00:15:00,42.14
O0001275,U008897,2026-03-30 00:15:00,46.66
O0001666,U035115,2026-03-30 00:15:00,64.21
O0002446,U013416,2026-03-30 00:15:00,38.94
O0002803,U027202,2026-03-30 00:15:00,169.87
O0002804,U044484,2026-03-30 00:15:00,29.4
O0000094,U023925,2026-03-31 00:15:00,42.85
O0000226,U031618,2026-03-31 00:15:00,122.41
O0000444,U004107,2026-03-31 00:15:00,74.26
O0000531,U043349,2026-03-31 00:15:00,48.79
O0000718,U024305,2026-03-31 00:15:00,69.82
O0001055,U046867,2026-03-31 00:15:00,192.7
O0001272,U015528,2026-03-31 00:15:00,78.48
O0002034,U012280,2026-03-31 00:15:00,81.05
O0002069,U026764,2026-03-31 00:15:00,40.62
O0002122,U006175,2026-03-31 00:15:00,107.11
O0002143,U035275,2026-03-31 00:15:00,98.44
O0002256,U042874,2026-03-31 00:15:00,28.81
O0002350,U029405,2026-03-31 00:15:00,54.01
O0002403,U045772,2026-03-31 00:15:00,44.9
O0002442,U001958,2026-03-31 00:15:00,22.95
O0002578,U037917,2026-03-31 00:15:00,74.26
O0002677,U028256,2026-03-31 00:15:00,55.2
O0002734,U019805,2026-03-31 00:15:00,99.05
O0002806,U028429,2026-03-31 00:15:00,58.9
O0002808,U028191,2026-03-31 00:15:00,115.14
O0002810,U018936,2026-03-31 00:15:00,70.17
O0002811,U011669,2026-03-31 00:15:00,38.81
O0002816,U046849,2026-03-31 00:15:00,114.12
O0000125,U030538,2026-04-01 00:15:00,74.07
O0000362,U049848,2026-04-01 00:15:00,31.99
O0000384,U038423,2026-04-01 00:15:00,47.07
O0000552,U008364,2026-04-01 00:15:00,46.06
O0001276,U045009,2026-04-01 00:15:00,30.77
O0001510,U047100,2026-04-01 00:15:00,52.73
O0001769,U024772,2026-04-01 00:15:00,37.65
O0001829,U012658,2026-04-01 00:15:00,70.55
O0001863,U023286,2026-04-01 00:15:00,12.77
O0001959,U004670,2026-04-01 00:15:00,70.94
O0001993,U002954,2026-04-01 00:15:00,97.06
O0002219,U036753,2026-04-01 00:15:00,70.66
O0002335,U032122,2026-04-01 00:15:00,52.83
O0002509,U015494,2026-04-01 00:15:00,47.88
O0002582,U012675,2026-04-01 00:15:00,115.55
O0002606,U039526,2026-04-01 00:15:00,30.94
O0002610,U040416,2026-04-01 00:15:00,48.6
O0002763,U014797,2026-04-01 00:15:00,66.72
O0002828,U018363,2026-04-01 00:15:00,62.13
O0002830,U027338,2026-04-01 00:15:00,103.26
O0002831,U034582,2026-04-01 00:15:00,48.33
O0002833,U033614,2026-04-01 00:15:00,69.29
O0000055,U037511,2026-04-02 00:15:00,30.7
O0000232,U030928,2026-04-02 00:15:00,30.34
O0000236,U003452,2026-04-02 00:15:00,45.41
O0000460,U026805,2026-04-02 00:15:00,33.76
O0000806,U030291,2026-04-02 00:15:00,33.02
O0000999,U003444,2026-04-02 00:15:00,80.17
O0001043,U028662,2026-04-02 00:15:00,80.93
O0001050,U025679,2026-04-02 00:15:00,47.18
O0001393,U015872,2026-04-02 00:15:00,57.59
O0001472,U044874,2026-04-02 00:15:00,89.1
O0001773,U014712,2026-04-02 00:15:00,39.25
O0002128,U004417,2026-04-02 00:15:00,64.98
O0002168,U006528,2026-04-02 00:15:00,61.92
O0002171,U046725,2026-04-02 00:15:00,57.47
O0002282,U024543,2026-04-02 00:15:00,51.32
O0002353,U037152,2026-04-02 00:15:00,78.74
O0002375,U042256,2026-04-02 00:15:00,72.38
O0002415,U035265,2026-04-02 00:15:00,61.46
O0002674,U039579,2026-04-02 00:15:00,96.35
O0002757,U007023,2026-04-02 00:15:00,100.84
O0002840,U032683,2026-04-02 00:15:00,26.0
O0002842,U007941,2026-04-02 00:15:00,20.16
O0000377,U011025,2026-04-03 00:15:00,105.54
O0000424,U029002,2026-04-03 00:15:00,54.45
O0000809,U030547,2026-04-03 00:15:00,78.76
O0001048,U017261,2026-04-03 00:15:00,29.98
O0001384,U014377,2026-04-03 00:15:00,25.11
O0001552,U048779,2026-04-03 00:15:00,45.88
O0001651,U030115,2026-04-03 00:15:00,35.86
O0002387,U018041,2026-04-03 00:15:00,60.58
O0002397,U001010,2026-04-03 00:15:00,46.48
O0002554,U005469,2026-04-03 00:15:00,78.23
O0002660,U036333,2026-04-03 00:15:00,92.74
O0002847,U004063,2026-04-03 00:15:00,103.84
O0002850,U000743,2026-04-03 00:15:00,23.47
O0002851,U006080,2026-04-03 00:15:00,41.76
O0002852,U034844,2026-04-03 00:15:00,45.88
O0002854,U018387,2026-04-03 00:15:00,165.27
O0000173,U006886,2026-04-04 00:15:00,67.39
O0000703,U037106,2026-04-04 00:15:00,32.14
O0000785,U045634,2026-04-04 00:15:00,69.58
O0000894,U023311,2026-04-04 00:15:00,46.78
O0001204,U047920,2026-04-04 00:15:00,57.45
O0001344,U039459,2026-04-04 00:15:00,67.93
O0001579,U036900,2026-04-04 00:15:00,39.78
O0001983,U022643,2026-04-04 00:15:00,35.61
O0002058,U001643,2026-04-04 00:15:00,47.91
O0002200,U023599,2026-04-04 00:15:00,109.92
O0002347,U038389,2026-04-04 00:15:00,36.29
O0002399,U004948,2026-04-04 00:15:00,37.33
O0002429,U043291,2026-04-04 00:15:00,16.19
O0002488,U005895,2026-04-04 00:15:00,113.73
O0002563,U024150,2026-04-04 00:15:00,31.08
O0002590,U030272,2026-04-04 00:15:00,113.68
O0002860,U045626,2026-04-04 00:15:00,59.61
O0002861,U047361,2026-04-04 00:15:00,66.99
O0002869,U017966,2026-04-04 00:15:00,51.77
O0000287,U036027,2026-04-05 00:15:00,27.22
O0000572,U033006,2026-04-05 00:15:00,119.12
O0000876,U035644,2026-04-05 00:15:00,40.42
O0001122,U008034,2026-04-05 00:15:00,38.57
O0001202,U003302,2026-04-05 00:15:00,86.47
O0001469,U016401,2026-04-05 00:15:00,48.59
O0001645,U002850,2026-04-05 00:15:00,64.89
O0002311,U030440,2026-04-05 00:15:00,62.41
O0002433,U012825,2026-04-05 00:15:00,21.39
O0002540,U008813,2026-04-05 00:15:00,28.84
O0002571,U018617,2026-04-05 00:15:00,25.75
O0002753,U010860,2026-04-05 00:15:00,44.59
O0002766,U049234,2026-04-05 00:15:00,23.5
O0002812,U000825,2026-04-05 00:15:00,59.95
O0002863,U047729,2026-04-05 00:15:00,37.13
O0002874,U033582,2026-04-05 00:15:00,33.37
O0002877,U014674,2026-04-05 00:15:00,16.47
O0002878,U003977,2026-04-05 00:15:00,45.4
O0002889,U029059,2026-04-05 00:15:00,74.54
O0000439,U030004,2026-04-06 00:15:00,30.21
O0000492,U035449,2026-04-06 00:15:00,40.24
O0000543,U005893,2026-04-06 00:15:00,42.22
O0000715,U040894,2026-04-06 00:15:00,73.75
O0000740,U029914,2026-04-06 00:15:00,43.76
O0001092,U025581,2026-04-06 00:15:00,43.12
O0001294,U046196,2026-04-06 00:15:00,260.35
O0001591,U049439,2026-04-06 00:15:00,184.49
O0002173,U046517,2026-04-06 00:15:00,126.49
O0002265,U035570,2026-04-06 00:15:00,84.33
O0002626,U012095,2026-04-06 00:15:00,34.95
O0002696,U018988,2026-04-06 00:15:00,91.64
O0002704,U002947,2026-04-06 00:15:00,32.63
O0002825,U037134,2026-04-06 00:15:00,30.36
O0002876,U036975,2026-04-06 00:15:00,69.48
O0002894,U009545,2026-04-06 00:15:00,33.39
O0002896,U015086,2026-04-06 00:15:00,71.59
O0002897,U032445,2026-04-06 00:15:00,59.86
O0002899,U032465,2026-04-06 00:15:00,54.96
O0002901,U031925,2026-04-06 00:15:00,126.72
O0002902,U035591,2026-04-06 00:15:00,66.02
O0002903,U002448,2026-04-06 00:15:00,37.17
O0000252,U039646,2026-04-07 00:15:00,56.39
O0000380,U002033,2026-04-07 00:15:00,110.57
O0000484,U031739,2026-04-07 00:15:00,88.55
O0000599,U022480,2026-04-07 00:15:00,36.73
O0000676,U049559,2026-04-07 00:15:00,55.5
O0001473,U007150,2026-04-07 00:15:00,182.02
O0001560,U028578,2026-04-07 00:15:00,27.45
O0001624,U020220,2026-04-07 00:15:00,145.52
O0001705,U000576,2026-04-07 00:15:00,116.75
O0001939,U012145,2026-04-07 00:15:00,80.74
O0001963,U046125,2026-04-07 00:15:00,55.02
O0001966,U015915,2026-04-07 00:15:00,38.89
O0002126,U023956,2026-04-07 00:15:00,42.56
O0002369,U025685,2026-04-07 00:15:00,92.88
O0002720,U018492,2026-04-07 00:15:00,35.12
O0002754,U044761,2026-04-07 00:15:00,54.65
O0002799,U002508,2026-04-07 00:15:00,34.38
O0002802,U044468,2026-04-07 00:15:00,44.39
O0002907,U038473,2026-04-07 00:15:00,250.5
O0002909,U031147,2026-04-07 00:15:00,23.87
O0002910,U041872,2026-04-07 00:15:00,118.07
O0002914,U034204,2026-04-07 00:15:00,95.92
O0002916,U023420,2026-04-07 00:15:00,65.24
O0002917,U035546,2026-04-07 00:15:00,46.87
O0002918,U032588,2026-04-07 00:15:00,57.58
O0000011,U045252,2026-04-08 00:15:00,55.6
O0000241,U035112,2026-04-08 00:15:00,71.32
O0000887,U013258,2026-04-08 00:15:00,55.48
O0001545,U035863,2026-04-08 00:15:00,47.39
O0001719,U034350,2026-04-08 00:15:00,15.98
O0001776,U039677,2026-04-08 00:15:00,40.6
O0001884,U048390,2026-04-08 00:15:00,40.94
O0002589,U002436,2026-04-08 00:15:00,31.31
O0002618,U011723,2026-04-08 00:15:00,37.11
O0002920,U015462,2026-04-08 00:15:00,87.94
O0002922,U024050,2026-04-08 00:15:00,66.8
O0002925,U034711,2026-04-08 00:15:00,77.01
O0002929,U005994,2026-04-08 00:15:00,72.34
O0002934,U030945,2026-04-08 00:15:00,56.59
O0002935,U036652,2026-04-08 00:15:00,99.86
O0000071,U008806,2026-04-09 00:15:00,51.94
O0000650,U017527,2026-04-09 00:15:00,87.86
O0000969,U022680,2026-04-09 00:15:00,67.61
O0001363,U008345,2026-04-09 00:15:00,25.51
O0001449,U042736,2026-04-09 00:15:00,147.6
O0001461,U018958,2026-04-09 00:15:00,91.05
O0001712,U014402,2026-04-09 00:15:00,35.24
O0001758,U038433,2026-04-09 00:15:00,45.19
O0001799,U004625,2026-04-09 00:15:00,18.23
O0001865,U035646,2026-04-09 00:15:00,71.96
O0002170,U042248,2026-04-09 00:15:00,22.75
O0002364,U020477,2026-04-09 00:15:00,35.07
O0002416,U036729,2026-04-09 00:15:00,61.7
O0002585,U040787,2026-04-09 00:15:00,40.41
O0002942,U002023,2026-04-09 00:15:00,55.42
O0002944,U020181,2026-04-09 00:15:00,57.85
O0002945,U000255,2026-04-09 00:15:00,44.2
O0002947,U039921,2026-04-09 00:15:00,82.29
O0002950,U022386,2026-04-09 00:15:00,77.66
O0000239,U040783,2026-04-10 00:15:00,64.52
O0000303,U036661,2026-04-10 00:15:00,96.32
O0001263,U002849,2026-04-10 00:15:00,47.47
O0001478,U029144,2026-04-10 00:15:00,53.77
O0001816,U023097,2026-04-10 00:15:00,63.75
O0002870,U018968,2026-04-10 00:15:00,46.83
O0002875,U006210,2026-04-10 00:15:00,43.53
O0002954,U000108,2026-04-10 00:15:00,46.86
O0000215,U045666,2026-04-11 00:15:00,224.74
O0000352,U042481,2026-04-11 00:15:00,67.21
O0000788,U019649,2026-04-11 00:15:00,32.59
O0000816,U014581,2026-04-11 00:15:00,45.86
O0001186,U027276,2026-04-11 00:15:00,28.26
O0001583,U036186,2026-04-11 00:15:00,80.33
O0001859,U026727,2026-04-11 00:15:00,35.04
O0001893,U043546,2026-04-11 00:15:00,135.27
O0001905,U010166,2026-04-11 00:15:00,49.43
O0002085,U005137,2026-04-11 00:15:00,54.94
O0002110,U003132,2026-04-11 00:15:00,28.2
O0002255,U024375,2026-04-11 00:15:00,38.32
O0002278,U036284,2026-04-11 00:15:00,43.37
O0002525,U037523,2026-04-11 00:15:00,64.28
O0002666,U042976,2026-04-11 00:15:00,34.35
O0002841,U045034,2026-04-11 00:15:00,102.62
O0002882,U013349,2026-04-11 00:15:00,81.24
O0002967,U028559,2026-04-11 00:15:00,59.44
O0002970,U029719,2026-04-11 00:15:00,37.56
O0002975,U016375,2026-04-11 00:15:00,47.4
O0002977,U037328,2026-04-11 00:15:00,127.13
O0002978,U012476,2026-04-11 00:15:00,38.12
O0002979,U023836,2026-04-11 00:15:00,86.81
O0000739,U005096,2026-04-12 00:15:00,35.94
O0000928,U033316,2026-04-12 00:15:00,41.34
O0001668,U027657,2026-04-12 00:15:00,57.93
O0001822,U036036,2026-04-12 00:15:00,31.99
O0001912,U025409,2026-04-12 00:15:00,28.02
O0002096,U001213,2026-04-12 00:15:00,38.69
O0002325,U041533,2026-04-12 00:15:00,26.07
O0002337,U042522,2026-04-12 00:15:00,68.02
O0002531,U004096,2026-04-12 00:15:00,53.35
O0002565,U039190,2026-04-12 00:15:00,99.18
O0002576,U014302,2026-04-12 00:15:00,57.66
O0002621,U039397,2026-04-12 00:15:00,38.99
O0002933,U035705,2026-04-12 00:15:00,18.61
O0002939,U030058,2026-04-12 00:15:00,28.35
O0002955,U008056,2026-04-12 00:15:00,47.32
O0002982,U039292,2026-04-12 00:15:00,31.69
O0002989,U045307,2026-04-12 00:15:00,37.46
O0002991,U011048,2026-04-12 00:15:00,35.78
O0002992,U023512,2026-04-12 00:15:00,19.73
O0002995,U046035,2026-04-12 00:15:00,47.98
O0000187,U036421,2026-04-13 00:15:00,87.68
O0000412,U020933,2026-04-13 00:15:00,31.2
O0000413,U002472,2026-04-13 00:15:00,77.36
O0000613,U005428,2026-04-13 00:15:00,31.19
O0000714,U046918,2026-04-13 00:15:00,42.37
O0000834,U032947,2026-04-13 00:15:00,60.61
O0000861,U012787,2026-04-13 00:15:00,17.71
O0000948,U007322,2026-04-13 00:15:00,110.4
O0000973,U047673,2026-04-13 00:15:00,70.81
O0001601,U034900,2026-04-13 00:15:00,96.43
O0001920,U025175,2026-04-13 00:15:00,32.67
O0002189,U039200,2026-04-13 00:15:00,18.53
O0002246,U007958,2026-04-13 00:15:00,112.66
O0002408,U027709,2026-04-13 00:15:00,45.14
O0002517,U042867,2026-04-13 00:15:00,40.19
O0002701,U035026,2026-04-13 00:15:00,62.05
O0002762,U003449,2026-04-13 00:15:00,29.02
O0002941,U046859,2026-04-13 00:15:00,27.68
O0002951,U010362,2026-04-13 00:15:00,46.64
O0003001,U025829,2026-04-13 00:15:00,24.34
O0003003,U002817,2026-04-13 00:15:00,78.1
O0003005,U009531,2026-04-13 00:15:00,82.67
O0003008,U040750,2026-04-13 00:15:00,95.36
O0003009,U021814,2026-04-13 00:15:00,32.44
O0003010,U045964,2026-04-13 00:15:00,33.03
O0003014,U041320,2026-04-13 00:15:00,32.07
O0003016,U040818,2026-04-13 00:15:00,41.89
O0000176,U019524,2026-04-14 00:15:00,91.54
O0000177,U033528,2026-04-14 00:15:00,90.72
O0000311,U040930,2026-04-14 00:15:00,39.65
O0000773,U007288,2026-04-14 00:15:00,52.18
O0000853,U007800,2026-04-14 00:15:00,58.54
O0000988,U035416,2026-04-14 00:15:00,50.35
O0001338,U019075,2026-04-14 00:15:00,39.0
O0001359,U020870,2026-04-14 00:15:00,68.56
O0001728,U003964,2026-04-14 00:15:00,121.56
O0001800,U023647,2026-04-14 00:15:00,51.48
O0002057,U007873,2026-04-14 00:15:00,190.41
O0002277,U005498,2026-04-14 00:15:00,72.65
O0002464,U048117,2026-04-14 00:15:00,71.39
O0002631,U007943,2026-04-14 00:15:00,47.55
O0002736,U047042,2026-04-14 00:15:00,86.72
O0002749,U008499,2026-04-14 00:15:00,50.32
O0002769,U032210,2026-04-14 00:15:00,26.19
O0003018,U011701,2026-04-14 00:15:00,34.87
O0003022,U008913,2026-04-14 00:15:00,84.89
O0003023,U030548,2026-04-14 00:15:00,83.3
O0000430,U008867,2026-04-15 00:15:00,26.66
O0000464,U018996,2026-04-15 00:15:00,51.7
O0001222,U001123,2026-04-15 00:15:00,70.89
O0001247,U041738,2026-04-15 00:15:00,52.54
O0001279,U035283,2026-04-15 00:15:00,183.18
O0001322,U004507,2026-04-15 00:15:00,34.75
O0002012,U032024,2026-04-15 00:15:00,55.85
O0002073,U015519,2026-04-15 00:15:00,29.45
O0002330,U030468,2026-04-15 00:15:00,27.11
O0002451,U041841,2026-04-15 00:15:00,68.78
O0002454,U009504,2026-04-15 00:15:00,36.37
O0002703,U004547,2026-04-15 00:15:00,92.47
O0002718,U026952,2026-04-15 00:15:00,77.86
O0002837,U031203,2026-04-15 00:15:00,108.36
O0002965,U039485,2026-04-15 00:15:00,42.58
O0003031,U049520,2026-04-15 00:15:00,32.56
O0003032,U022943,2026-04-15 00:15:00,53.92
O0003034,U021172,2026-04-15 00:15:00,77.4
O0003035,U037894,2026-04-15 00:15:00,64.58
O0003036,U041692,2026-04-15 00:15:00,45.29
O0003037,U009341,2026-04-15 00:15:00,91.02
O0003038,U040378,2026-04-15 00:15:00,108.72
O0003040,U028238,2026-04-15 00:15:00,42.14
O0003041,U035978,2026-04-15 00:15:00,48.49
O0003042,U030607,2026-04-15 00:15:00,44.11
O0000449,U005564,2026-04-16 00:15:00,139.53
O0000571,U001776,2026-04-16 00:15:00,49.88
O0001142,U017568,2026-04-16 00:15:00,194.49
O0001395,U038285,2026-04-16 00:15:00,64.5
O0001572,U030892,2026-04-16 00:15:00,23.52
O0001663,U003237,2026-04-16 00:15:00,86.69
O0001904,U007316,2026-04-16 00:15:00,41.87
O0002192,U036589,2026-04-16 00:15:00,47.62
O0002230,U010540,2026-04-16 00:15:00,78.24
O0002315,U004962,2026-04-16 00:15:00,58.34
O0002506,U016126,2026-04-16 00:15:00,54.41
O0002583,U028545,2026-04-16 00:15:00,47.54
O0003043,U039623,2026-04-16 00:15:00,37.54
O0003044,U036836,2026-04-16 00:15:00,55.97
O0003045,U046336,2026-04-16 00:15:00,62.61
O0003046,U019659,2026-04-16 00:15:00,71.51
O0003050,U019606,2026-04-16 00:15:00,123.59
O0003051,U033750,2026-04-16 00:15:00,66.44
O0003055,U042153,2026-04-16 00:15:00,95.71
O0003057,U027495,2026-04-16 00:15:00,57.5
O0003058,U021805,2026-04-16 00:15:00,36.08
O0000305,U032205,2026-04-17 00:15:00,100.31
O0000324,U035829,2026-04-17 00:15:00,48.08
O0000393,U018600,2026-04-17 00:15:00,20.43
O0000456,U047479,2026-04-17 00:15:00,23.82
O0001131,U029553,2026-04-17 00:15:00,27.24
O0001169,U019609,2026-04-17 00:15:00,71.59
O0001738,U049460,2026-04-17 00:15:00,71.96
O0001814,U045199,2026-04-17 00:15:00,41.12
O0001980,U037263,2026-04-17 00:15:00,50.27
O0002389,U004311,2026-04-17 00:15:00,65.67
O0003030,U007381,2026-04-17 00:15:00,123.32
O0003063,U026745,2026-04-17 00:15:00,86.42
O0003064,U028530,2026-04-17 00:15:00,40.35
O0003065,U015903,2026-04-17 00:15:00,26.36
O0000027,U043656,2026-04-18 00:15:00,64.32
O0000945,U024165,2026-04-18 00:15:00,16.08
O0000994,U048418,2026-04-18 00:15:00,51.73
O0001017,U027223,2026-04-18 00:15:00,62.37
O0001066,U048544,2026-04-18 00:15:00,34.16
O0001095,U026112,2026-04-18 00:15:00,54.07
O0001354,U026876,2026-04-18 00:15:00,28.98
O0001736,U010691,2026-04-18 00:15:00,64.94
O0001837,U026719,2026-04-18 00:15:00,27.36
O0002003,U009618,2026-04-18 00:15:00,126.67
O0002041,U048151,2026-04-18 00:15:00,40.69
O0002064,U007506,2026-04-18 00:15:00,61.52
O0002386,U046878,2026-04-18 00:15:00,43.39
O0002729,U026370,2026-04-18 00:15:00,50.27
O0003069,U042918,2026-04-18 00:15:00,74.42
O0003070,U004870,2026-04-18 00:15:00,82.33
O0003075,U042825,2026-04-18 00:15:00,65.44
O0003076,U022595,2026-04-18 00:15:00,32.39
O0003077,U021314,2026-04-18 00:15:00,31.11
O0003080,U019224,2026-04-18 00:15:00,50.96
O0000612,U026500,2026-04-19 00:15:00,63.84
O0001149,U005117,2026-04-19 00:15:00,47.97
O0001201,U037487,2026-04-19 00:15:00,105.77
O0001293,U016487,2026-04-19 00:15:00,26.03
O0002000,U025458,2026-04-19 00:15:00,41.92
O0002708,U004508,2026-04-19 00:15:00,70.66
O0002756,U026841,2026-04-19 00:15:00,42.06
O0003066,U005066,2026-04-19 00:15:00,60.35
O0003089,U011791,2026-04-19 00:15:00,99.87
O0003092,U023803,2026-04-19 00:15:00,35.89
O0000062,U036367,2026-04-20 00:15:00,65.32
O0000704,U039821,2026-04-20 00:15:00,53.16
O0001419,U025201,2026-04-20 00:15:00,59.68
O0001507,U009670,2026-04-20 00:15:00,58.82
O0001640,U012508,2026-04-20 00:15:00,91.47
O0001766,U014034,2026-04-20 00:15:00,95.15
O0002023,U006805,2026-04-20 00:15:00,88.74
O0002087,U048658,2026-04-20 00:15:00,78.34
O0002524,U002343,2026-04-20 00:15:00,21.23
O0002820,U008196,2026-04-20 00:15:00,72.96
O0003062,U036522,2026-04-20 00:15:00,25.14
O0003097,U026004,2026-04-20 00:15:00,69.54
O0003100,U032622,2026-04-20 00:15:00,68.13
O0003102,U049024,2026-04-20 00:15:00,80.73
O0000346,U025103,2026-04-21 00:15:00,33.6
O0001010,U026526,2026-04-21 00:15:00,45.31
O0001262,U036292,2026-04-21 00:15:00,128.25
O0001360,U019305,2026-04-21 00:15:00,40.57
O0001398,U047016,2026-04-21 00:15:00,83.78
O0001488,U015766,2026-04-21 00:15:00,139.44
O0001825,U022372,2026-04-21 00:15:00,53.47
O0002237,U027354,2026-04-21 00:15:00,79.49
O0002334,U029476,2026-04-21 00:15:00,80.62
O0002431,U027397,2026-04-21 00:15:00,27.19
O0002815,U034552,2026-04-21 00:15:00,87.06
O0002866,U039474,2026-04-21 00:15:00,45.99
O0002904,U002184,2026-04-21 00:15:00,88.14
O0002927,U042170,2026-04-21 00:15:00,41.77
O0003019,U020276,2026-04-21 00:15:00,55.34
O0003105,U047024,2026-04-21 00:15:00,259.68
O0003106,U040589,2026-04-21 00:15:00,76.78
O0003114,U025261,2026-04-21 00:15:00,88.15
O0003115,U046337,2026-04-21 00:15:00,12.78
O0003116,U042625,2026-04-21 00:15:00,90.53
O0000168,U042628,2026-04-22 00:15:00,46.54
O0000246,U030493,2026-04-22 00:15:00,22.08
O0000266,U002129,2026-04-22 00:15:00,28.01
O0000335,U019330,2026-04-22 00:15:00,43.16
O0000548,U048355,2026-04-22 00:15:00,72.59
O0000591,U038677,2026-04-22 00:15:00,59.1
O0001284,U003599,2026-04-22 00:15:00,39.66
O0001508,U047494,2026-04-22 00:15:00,142.07
O0001549,U041485,2026-04-22 00:15:00,100.29
O0001611,U009988,2026-04-22 00:15:00,56.76
O0001639,U015802,2026-04-22 00:15:00,116.27
O0001972,U036045,2026-04-22 00:15:00,150.97
O0002106,U032874,2026-04-22 00:15:00,53.6
O0002293,U044957,2026-04-22 00:15:00,51.04
O0002530,U008243,2026-04-22 00:15:00,69.07
O0002532,U043487,2026-04-22 00:15:00,81.3
O0002559,U015630,2026-04-22 00:15:00,124.11
O0002593,U006397,2026-04-22 00:15:00,54.78
O0002673,U044703,2026-04-22 00:15:00,45.11
O0003119,U047669,2026-04-22 00:15:00,105.6
O0003120,U044013,2026-04-22 00:15:00,79.46
O0003123,U040038,2026-04-22 00:15:00,58.25
O0003125,U029258,2026-04-22 00:15:00,191.94
O0003128,U003554,2026-04-22 00:15:00,37.65
O0003131,U005875,2026-04-22 00:15:00,75.87
O0003133,U021676,2026-04-22 00:15:00,72.82
O0000068,U037531,2026-04-23 00:15:00,62.68
O0000069,U014693,2026-04-23 00:15:00,27.74
O0000315,U002025,2026-04-23 00:15:00,55.56
O0000734,U030837,2026-04-23 00:15:00,34.33
O0001231,U040282,2026-04-23 00:15:00,80.87
O0001250,U018109,2026-04-23 00:15:00,50.57
O0001553,U026595,2026-04-23 00:15:00,44.1
O0001786,U032258,2026-04-23 00:15:00,37.96
O0001808,U019537,2026-04-23 00:15:00,81.24
O0001916,U046782,2026-04-23 00:15:00,52.86
O0002015,U034744,2026-04-23 00:15:00,124.06
O0002074,U006248,2026-04-23 00:15:00,23.39
O0002289,U045392,2026-04-23 00:15:00,25.5
O0002743,U041934,2026-04-23 00:15:00,114.28
O0002790,U030880,2026-04-23 00:15:00,36.01
O0002930,U043619,2026-04-23 00:15:00,67.79
O0002958,U020924,2026-04-23 00:15:00,42.49
O0003071,U046853,2026-04-23 00:15:00,19.12
O0003135,U015057,2026-04-23 00:15:00,74.04
O0003140,U012031,2026-04-23 00:15:00,45.47
O0003141,U040107,2026-04-23 00:15:00,32.11
O0003143,U043893,2026-04-23 00:15:00,169.86
O0003145,U049930,2026-04-23 00:15:00,38.84
O0003146,U049474,2026-04-23 00:15:00,50.91
O0003148,U025149,2026-04-23 00:15:00,68.79
O0000022,U004885,2026-04-24 00:15:00,153.97
O0000115,U034788,2026-04-24 00:15:00,200.84
O0000207,U020494,2026-04-24 00:15:00,110.25
O0000386,U022204,2026-04-24 00:15:00,133.93
O0000536,U014625,2026-04-24 00:15:00,24.92
O0000669,U039359,2026-04-24 00:15:00,24.39
O0000690,U025499,2026-04-24 00:15:00,32.93
O0000723,U046091,2026-04-24 00:15:00,28.11
O0001678,U035514,2026-04-24 00:15:00,67.31
O0001901,U000624,2026-04-24 00:15:00,73.8
O0001947,U003669,2026-04-24 00:15:00,39.35
O0002239,U022865,2026-04-24 00:15:00,85.62
O0002340,U035294,2026-04-24 00:15:00,13.64
O0002500,U043180,2026-04-24 00:15:00,41.35
O0002731,U047606,2026-04-24 00:15:00,60.02
O0002796,U035009,2026-04-24 00:15:00,65.94
O0002936,U046119,2026-04-24 00:15:00,45.8
O0002959,U024256,2026-04-24 00:15:00,91.41
O0003150,U030703,2026-04-24 00:15:00,41.25
O0003151,U037283,2026-04-24 00:15:00,87.43
O0003152,U029964,2026-04-24 00:15:00,25.12
O0003154,U038086,2026-04-24 00:15:00,81.43
O0003157,U007449,2026-04-24 00:15:00,62.12
O0003161,U044311,2026-04-24 00:15:00,37.64
O0003165,U035304,2026-04-24 00:15:00,86.65
O0003166,U002598,2026-04-24 00:15:00,63.86
O0000006,U047584,2026-04-25 00:15:00,44.68
O0000361,U044778,2026-04-25 00:15:00,71.03
O0000366,U006194,2026-04-25 00:15:00,43.2
O0000594,U046230,2026-04-25 00:15:00,57.02
O0000660,U028122,2026-04-25 00:15:00,66.73
O0001119,U038270,2026-04-25 00:15:00,28.67
O0001150,U005637,2026-04-25 00:15:00,100.6
O0001441,U035352,2026-04-25 00:15:00,85.07
O0001573,U039171,2026-04-25 00:15:00,45.32
O0001906,U008924,2026-04-25 00:15:00,31.69
O0002148,U047318,2026-04-25 00:15:00,156.38
O0002276,U036559,2026-04-25 00:15:00,76.32
O0002758,U021396,2026-04-25 00:15:00,83.38
O0003072,U031029,2026-04-25 00:15:00,42.26
O0003099,U034622,2026-04-25 00:15:00,50.43
O0003101,U029741,2026-04-25 00:15:00,90.7
O0003169,U013629,2026-04-25 00:15:00,375.67
O0003173,U048193,2026-04-25 00:15:00,55.55
O0003175,U011558,2026-04-25 00:15:00,76.92
O0003176,U049400,2026-04-25 00:15:00,69.7
O0000727,U024171,2026-04-26 00:15:00,29.9
O0000742,U013936,2026-04-26 00:15:00,168.11
O0000893,U036129,2026-04-26 00:15:00,29.65
O0000978,U005545,2026-04-26 00:15:00,22.65
O0001015,U014878,2026-04-26 00:15:00,27.81
O0001096,U011932,2026-04-26 00:15:00,81.08
O0001447,U020937,2026-04-26 00:15:00,82.82
O0001839,U036547,2026-04-26 00:15:00,41.38
O0002019,U006124,2026-04-26 00:15:00,53.66
O0002077,U032146,2026-04-26 00:15:00,76.93
O0002709,U021606,2026-04-26 00:15:00,85.65
O0002786,U026639,2026-04-26 00:15:00,54.83
O0002787,U029712,2026-04-26 00:15:00,88.34
O0002829,U045204,2026-04-26 00:15:00,61.57
O0002890,U043822,2026-04-26 00:15:00,75.57
O0002981,U024610,2026-04-26 00:15:00,71.61
O0003113,U003931,2026-04-26 00:15:00,32.03
O0003181,U028408,2026-04-26 00:15:00,53.13
O0003183,U000713,2026-04-26 00:15:00,37.74
O0003187,U019003,2026-04-26 00:15:00,37.17
O0003189,U025251,2026-04-26 00:15:00,40.57
O0000002,U030666,2026-04-27 00:15:00,94.35
O0000255,U003533,2026-04-27 00:15:00,65.63
O0000584,U006599,2026-04-27 00:15:00,30.16
O0000798,U008012,2026-04-27 00:15:00,66.93
O0000889,U025789,2026-04-27 00:15:00,41.73
O0001613,U004350,2026-04-27 00:15:00,39.1
O0001764,U026479,2026-04-27 00:15:00,23.67
O0002177,U044908,2026-04-27 00:15:00,61.83
O0002699,U015507,2026-04-27 00:15:00,35.53
O0002826,U031927,2026-04-27 00:15:00,26.55
O0002987,U049161,2026-04-27 00:15:00,84.35
O0003201,U047634,2026-04-27 00:15:00,60.39
O0003202,U035061,2026-04-27 00:15:00,19.32
O0003203,U049679,2026-04-27 00:15:00,54.8
O0003205,U017491,2026-04-27 00:15:00,57.85
O0000014,U007067,2026-04-28 00:15:00,57.86
O0000280,U026175,2026-04-28 00:15:00,35.78
O0000706,U003271,2026-04-28 00:15:00,44.84
O0000936,U018512,2026-04-28 00:15:00,64.36
O0001436,U008238,2026-04-28 00:15:00,86.84
O0001603,U042154,2026-04-28 00:15:00,112.15
O0001772,U045428,2026-04-28 00:15:00,25.38
O0001990,U004878,2026-04-28 00:15:00,64.29
O0002258,U032476,2026-04-28 00:15:00,42.64
O0002744,U015458,2026-04-28 00:15:00,52.81
O0002801,U014193,2026-04-28 00:15:00,174.77
O0002968,U023987,2026-04-28 00:15:00,28.04
O0003020,U019864,2026-04-28 00:15:00,114.38
O0003213,U025260,2026-04-28 00:15:00,107.88
O0003214,U019519,2026-04-28 00:15:00,41.69
O0003215,U035328,2026-04-28 00:15:00,56.37
O0003218,U035608,2026-04-28 00:15:00,34.87
O0003219,U025002,2026-04-28 00:15:00,23.64
O0003220,U017045,2026-04-28 00:15:00,35.91
O0003221,U030708,2026-04-28 00:15:00,23.64
O0000260,U026101,2026-04-29 00:15:00,45.51
O0000593,U041439,2026-04-29 00:15:00,134.49
O0000603,U004837,2026-04-29 00:15:00,20.06
O0000841,U016217,2026-04-29 00:15:00,95.09
O0001162,U020418,2026-04-29 00:15:00,55.08
O0001182,U041063,2026-04-29 00:15:00,43.74
O0001187,U036104,2026-04-29 00:15:00,150.43
O0001190,U017775,2026-04-29 00:15:00,124.77
O0001387,U036674,2026-04-29 00:15:00,43.81
O0001784,U009337,2026-04-29 00:15:00,140.19
O0002176,U014722,2026-04-29 00:15:00,57.53
O0002480,U024813,2026-04-29 00:15:00,21.81
O0002814,U037575,2026-04-29 00:15:00,70.33
O0003112,U027000,2026-04-29 00:15:00,39.57
O0003129,U037006,2026-04-29 00:15:00,38.28
O0003207,U011305,2026-04-29 00:15:00,29.69
O0003224,U003195,2026-04-29 00:15:00,53.29
O0003225,U042010,2026-04-29 00:15:00,100.07
O0003226,U014992,2026-04-29 00:15:00,77.35
O0003228,U048473,2026-04-29 00:15:00,153.71
O0003229,U029200,2026-04-29 00:15:00,50.85
O0003231,U006407,2026-04-29 00:15:00,64.82
O0000042,U012323,2026-04-30 00:15:00,22.8
O0000319,U025053,2026-04-30 00:15:00,80.26
O0000480,U025534,2026-04-30 00:15:00,30.0
O0000691,U049998,2026-04-30 00:15:00,45.34
O0000896,U010761,2026-04-30 00:15:00,40.2
O0000927,U021900,2026-04-30 00:15:00,69.02
O0001759,U018303,2026-04-30 00:15:00,60.91
O0001834,U042861,2026-04-30 00:15:00,81.29
O0001979,U031843,2026-04-30 00:15:00,32.19
O0001985,U047328,2026-04-30 00:15:00,33.08
O0002072,U003397,2026-04-30 00:15:00,95.52
O0002400,U016392,2026-04-30 00:15:00,72.89
O0002750,U039172,2026-04-30 00:15:00,49.39
O0002765,U032664,2026-04-30 00:15:00,38.98
O0002805,U004903,2026-04-30 00:15:00,87.11
O0002966,U005218,2026-04-30 00:15:00,145.01
O0003232,U031358,2026-04-30 00:15:00,93.68
O0003234,U020957,2026-04-30 00:15:00,43.43
O0003235,U042245,2026-04-30 00:15:00,32.66
O0003236,U047235,2026-04-30 00:15:00,87.89
O0003237,U041608,2026-04-30 00:15:00,49.31
O0003239,U026425,2026-04-30 00:15:00,68.35
O0003240,U018651,2026-04-30 00:15:00,25.68
O0000938,U027888,2026-05-01 00:15:00,65.36
O0000976,U014144,2026-05-01 00:15:00,43.75
O0001044,U028819,2026-05-01 00:15:00,65.42
O0001844,U042453,2026-05-01 00:15:00,466.24
O0001866,U016679,2026-05-01 00:15:00,79.7
O0001930,U031708,2026-05-01 00:15:00,162.36
O0002197,U046231,2026-05-01 00:15:00,94.4
O0002449,U020729,2026-05-01 00:15:00,92.19
O0002645,U018357,2026-05-01 00:15:00,51.54
O0002694,U047819,2026-05-01 00:15:00,61.33
O0002712,U027591,2026-05-01 00:15:00,49.59
O0002809,U006583,2026-05-01 00:15:00,145.59
O0002923,U016930,2026-05-01 00:15:00,112.15
O0002984,U044243,2026-05-01 00:15:00,45.84
O0003053,U037918,2026-05-01 00:15:00,69.05
O0003073,U049786,2026-05-01 00:15:00,68.78
O0003243,U019263,2026-05-01 00:15:00,30.19
O0003244,U024404,2026-05-01 00:15:00,84.28
O0003246,U024025,2026-05-01 00:15:00,18.09
O0003249,U023303,2026-05-01 00:15:00,45.52
O0000730,U032613,2026-05-02 00:15:00,34.02
O0000795,U008105,2026-05-02 00:15:00,50.47
O0001377,U000928,2026-05-02 00:15:00,45.58
O0001528,U047627,2026-05-02 00:15:00,63.66
O0001619,U010515,2026-05-02 00:15:00,49.82
O0001631,U047776,2026-05-02 00:15:00,36.79
O0002024,U014219,2026-05-02 00:15:00,85.12
O0002043,U011242,2026-05-02 00:15:00,51.05
O0002120,U002465,2026-05-02 00:15:00,60.35
O0002224,U010743,2026-05-02 00:15:00,19.99
O0002617,U037929,2026-05-02 00:15:00,89.19
O0002649,U043099,2026-05-02 00:15:00,45.5
O0002791,U048107,2026-05-02 00:15:00,19.24
O0003098,U001539,2026-05-02 00:15:00,37.58
O0003250,U033385,2026-05-02 00:15:00,21.4
O0003252,U039784,2026-05-02 00:15:00,49.91
O0003253,U033587,2026-05-02 00:15:00,14.71
O0003254,U036182,2026-05-02 00:15:00,66.19
O0003255,U034469,2026-05-02 00:15:00,48.71
O0003256,U031091,2026-05-02 00:15:00,31.1
O0000067,U047162,2026-05-03 00:15:00,52.05
O0000133,U029133,2026-05-03 00:15:00,76.39
O0000880,U027348,2026-05-03 00:15:00,83.99
O0000897,U045260,2026-05-03 00:15:00,81.79
O0000898,U033812,2026-05-03 00:15:00,64.07
O0000996,U016753,2026-05-03 00:15:00,23.81
O0001258,U019759,2026-05-03 00:15:00,58.9
O0001730,U026730,2026-05-03 00:15:00,54.67
O0002267,U030921,2026-05-03 00:15:00,121.12
O0002285,U042417,2026-05-03 00:15:00,39.14
O0002499,U049121,2026-05-03 00:15:00,79.2
O0002573,U048976,2026-05-03 00:15:00,32.59
O0002574,U006347,2026-05-03 00:15:00,16.4
O0002768,U017345,2026-05-03 00:15:00,76.09
O0002844,U029433,2026-05-03 00:15:00,70.62
O0002919,U011228,2026-05-03 00:15:00,33.35
O0003121,U032961,2026-05-03 00:15:00,38.31
O0003208,U027707,2026-05-03 00:15:00,153.48
O0003261,U011606,2026-05-03 00:15:00,62.66
O0003262,U039775,2026-05-03 00:15:00,41.83
O0003263,U005107,2026-05-03 00:15:00,50.35
O0003266,U003346,2026-05-03 00:15:00,53.29
O0003267,U030046,2026-05-03 00:15:00,67.52
O0003268,U019563,2026-05-03 00:15:00,37.05
O0000087,U038123,2026-05-04 00:15:00,148.47
O0000296,U007910,2026-05-04 00:15:00,48.71
O0001346,U021334,2026-05-04 00:15:00,81.07
O0001385,U016273,2026-05-04 00:15:00,152.82
O0001397,U036274,2026-05-04 00:15:00,62.87
O0001765,U017363,2026-05-04 00:15:00,32.5
O0001796,U011773,2026-05-04 00:15:00,54.82
O0001900,U011532,2026-05-04 00:15:00,52.58
O0002149,U020388,2026-05-04 00:15:00,68.32
O0002511,U026234,2026-05-04 00:15:00,71.6
O0002623,U017014,2026-05-04 00:15:00,64.04
O0002668,U030777,2026-05-04 00:15:00,65.94
O0002888,U011857,2026-05-04 00:15:00,51.86
O0002972,U013929,2026-05-04 00:15:00,362.12
O0003158,U025849,2026-05-04 00:15:00,37.48
O0003260,U022940,2026-05-04 00:15:00,70.25
O0003270,U040916,2026-05-04 00:15:00,28.84
O0003272,U024018,2026-05-04 00:15:00,65.8
O0003273,U042177,2026-05-04 00:15:00,129.68
O0000482,U013215,2026-05-05 00:15:00,45.91
O0000696,U036206,2026-05-05 00:15:00,69.83
O0000848,U010076,2026-05-05 00:15:00,31.26
O0000851,U042231,2026-05-05 00:15:00,40.04
O0000854,U028459,2026-05-05 00:15:00,41.43
O0001032,U032302,2026-05-05 00:15:00,127.83
O0001145,U038504,2026-05-05 00:15:00,34.33
O0001238,U009726,2026-05-05 00:15:00,31.18
O0001437,U008221,2026-05-05 00:15:00,45.72
O0001897,U011069,2026-05-05 00:15:00,13.41
O0001919,U036689,2026-05-05 00:15:00,76.67
O0002049,U018216,2026-05-05 00:15:00,35.13
O0002105,U046929,2026-05-05 00:15:00,19.67
O0002331,U030876,2026-05-05 00:15:00,37.77
O0002654,U031173,2026-05-05 00:15:00,128.21
O0002915,U040617,2026-05-05 00:15:00,40.07
O0002937,U018479,2026-05-05 00:15:00,104.08
O0003074,U025336,2026-05-05 00:15:00,37.86
O0003162,U045578,2026-05-05 00:15:00,21.08
O0003163,U027566,2026-05-05 00:15:00,89.21
O0003284,U036009,2026-05-05 00:15:00,69.67
O0003287,U049875,2026-05-05 00:15:00,57.93
O0003288,U021755,2026-05-05 00:15:00,44.73
O0000123,U013754,2026-05-06 00:15:00,39.57
O0000143,U043563,2026-05-06 00:15:00,72.48
O0000611,U036902,2026-05-06 00:15:00,57.94
O0000674,U038884,2026-05-06 00:15:00,61.35
O0000979,U005570,2026-05-06 00:15:00,22.69
O0001130,U008603,2026-05-06 00:15:00,44.22
O0001152,U038293,2026-05-06 00:15:00,17.0
O0001371,U006711,2026-05-06 00:15:00,154.32
O0001576,U018923,2026-05-06 00:15:00,107.88
O0002304,U000406,2026-05-06 00:15:00,98.92
O0002412,U004992,2026-05-06 00:15:00,71.87
O0002568,U047596,2026-05-06 00:15:00,40.11
O0002607,U043096,2026-05-06 00:15:00,16.64
O0002883,U028286,2026-05-06 00:15:00,73.48
O0002998,U029529,2026-05-06 00:15:00,78.23
O0003048,U012322,2026-05-06 00:15:00,54.07
O0003095,U035289,2026-05-06 00:15:00,13.07
O0003289,U003847,2026-05-06 00:15:00,25.66
O0003292,U035845,2026-05-06 00:15:00,50.81
O0003301,U046106,2026-05-06 00:15:00,43.36
O0000128,U026292,2026-05-07 00:15:00,34.04
O0000248,U002373,2026-05-07 00:15:00,86.99
O0000326,U032080,2026-05-07 00:15:00,68.76
O0000473,U005639,2026-05-07 00:15:00,93.61
O0000518,U046622,2026-05-07 00:15:00,54.84
O0001181,U025914,2026-05-07 00:15:00,59.9
O0001373,U017206,2026-05-07 00:15:00,25.44
O0001649,U019706,2026-05-07 00:15:00,41.64
O0002366,U020162,2026-05-07 00:15:00,42.73
O0002391,U007108,2026-05-07 00:15:00,141.33
O0002457,U046565,2026-05-07 00:15:00,31.33
O0002470,U000648,2026-05-07 00:15:00,72.04
O0002502,U005150,2026-05-07 00:15:00,49.17
O0003061,U042422,2026-05-07 00:15:00,58.49
O0003304,U021076,2026-05-07 00:15:00,30.67
O0003305,U013383,2026-05-07 00:15:00,28.87
O0003306,U046803,2026-05-07 00:15:00,59.17
O0003308,U049766,2026-05-07 00:15:00,34.46
O0003310,U010973,2026-05-07 00:15:00,62.64
O0003311,U006321,2026-05-07 00:15:00,32.44
O0000023,U037128,2026-05-08 00:15:00,89.55
O0000323,U042145,2026-05-08 00:15:00,128.24
O0000522,U021212,2026-05-08 00:15:00,27.02
O0000549,U020580,2026-05-08 00:15:00,68.8
O0000607,U029679,2026-05-08 00:15:00,91.2
O0000827,U038030,2026-05-08 00:15:00,78.16
O0000844,U027390,2026-05-08 00:15:00,53.23
O0001665,U015884,2026-05-08 00:15:00,87.19
O0001889,U015250,2026-05-08 00:15:00,86.29
O0001925,U008491,2026-05-08 00:15:00,35.16
O0002206,U024119,2026-05-08 00:15:00,41.13
O0002264,U006112,2026-05-08 00:15:00,62.37
O0002307,U035834,2026-05-08 00:15:00,22.93
O0002486,U023882,2026-05-08 00:15:00,42.08
O0002543,U015406,2026-05-08 00:15:00,34.03
O0002669,U016859,2026-05-08 00:15:00,103.53
O0002670,U011731,2026-05-08 00:15:00,90.79
O0002687,U047740,2026-05-08 00:15:00,35.68
O0002767,U029610,2026-05-08 00:15:00,61.69
O0002818,U015018,2026-05-08 00:15:00,138.12
O0002961,U000372,2026-05-08 00:15:00,88.37
O0003084,U013861,2026-05-08 00:15:00,78.75
O0003130,U019806,2026-05-08 00:15:00,23.94
O0003147,U035182,2026-05-08 00:15:00,86.49
O0003180,U000318,2026-05-08 00:15:00,55.35
O0003216,U005660,2026-05-08 00:15:00,36.01
O0003230,U034774,2026-05-08 00:15:00,63.75
O0003269,U026689,2026-05-08 00:15:00,30.44
O0003313,U022385,2026-05-08 00:15:00,118.69
O0003315,U000815,2026-05-08 00:15:00,45.22
O0003316,U041996,2026-05-08 00:15:00,63.47
O0003321,U025243,2026-05-08 00:15:00,43.93
O0003322,U048320,2026-05-08 00:15:00,80.52
O0000004,U041239,2026-05-09 00:15:00,83.48
O0000997,U003952,2026-05-09 00:15:00,38.81
O0001099,U019896,2026-05-09 00:15:00,34.63
O0001235,U034702,2026-05-09 00:15:00,104.97
O0001635,U046810,2026-05-09 00:15:00,44.67
O0001662,U041303,2026-05-09 00:15:00,78.44
O0001703,U048813,2026-05-09 00:15:00,66.12
O0001845,U015139,2026-05-09 00:15:00,37.28
O0002377,U021709,2026-05-09 00:15:00,79.97
O0002471,U021930,2026-05-09 00:15:00,62.92
O0002474,U014901,2026-05-09 00:15:00,27.61
O0002493,U006171,2026-05-09 00:15:00,30.91
O0002693,U039173,2026-05-09 00:15:00,74.33
O0002698,U011306,2026-05-09 00:15:00,48.85
O0002746,U008145,2026-05-09 00:15:00,55.39
O0002885,U033740,2026-05-09 00:15:00,47.13
O0003091,U001595,2026-05-09 00:15:00,71.73
O0003258,U025212,2026-05-09 00:15:00,45.52
O0003314,U022905,2026-05-09 00:15:00,60.82
O0003323,U019250,2026-05-09 00:15:00,66.26
O0003324,U023404,2026-05-09 00:15:00,181.88
O0003327,U025193,2026-05-09 00:15:00,190.96
O0003328,U038837,2026-05-09 00:15:00,75.46
O0000496,U019871,2026-05-10 00:15:00,99.26
O0001356,U008599,2026-05-10 00:15:00,21.06
O0001391,U022389,2026-05-10 00:15:00,14.86
O0001716,U011887,2026-05-10 00:15:00,139.97
O0001934,U026016,2026-05-10 00:15:00,54.69
O0002207,U041650,2026-05-10 00:15:00,124.66
O0002208,U025031,2026-05-10 00:15:00,20.06
O0002496,U011964,2026-05-10 00:15:00,114.82
O0002526,U034652,2026-05-10 00:15:00,90.26
O0002658,U037864,2026-05-10 00:15:00,27.51
O0002949,U009534,2026-05-10 00:15:00,54.22
O0002962,U013461,2026-05-10 00:15:00,24.37
O0003078,U005357,2026-05-10 00:15:00,38.92
O0003093,U043281,2026-05-10 00:15:00,47.67
O0003107,U036497,2026-05-10 00:15:00,49.18
O0003279,U020946,2026-05-10 00:15:00,67.88
O0003297,U024296,2026-05-10 00:15:00,65.41
O0003331,U048416,2026-05-10 00:15:00,35.15
O0003333,U022719,2026-05-10 00:15:00,99.16
O0003335,U029107,2026-05-10 00:15:00,40.62
O0003336,U027672,2026-05-10 00:15:00,35.72
O0003337,U041724,2026-05-10 00:15:00,38.88
O0003338,U000249,2026-05-10 00:15:00,124.5
O0000047,U045381,2026-05-11 00:15:00,44.89
O0000137,U004244,2026-05-11 00:15:00,69.7
O0000190,U032528,2026-05-11 00:15:00,88.54
O0000212,U038365,2026-05-11 00:15:00,74.02
O0000313,U023954,2026-05-11 00:15:00,82.57
O0000469,U001867,2026-05-11 00:15:00,39.52
O0000971,U017309,2026-05-11 00:15:00,130.07
O0001008,U043365,2026-05-11 00:15:00,35.11
O0001132,U005748,2026-05-11 00:15:00,50.65
O0001406,U038799,2026-05-11 00:15:00,30.01
O0001681,U012071,2026-05-11 00:15:00,35.94
O0001707,U045925,2026-05-11 00:15:00,52.81
O0001836,U014085,2026-05-11 00:15:00,84.76
O0001986,U031654,2026-05-11 00:15:00,52.74
O0002059,U048337,2026-05-11 00:15:00,80.5
O0002520,U002834,2026-05-11 00:15:00,42.56
O0002794,U040472,2026-05-11 00:15:00,57.15
O0002974,U011970,2026-05-11 00:15:00,57.9
O0003013,U031770,2026-05-11 00:15:00,32.01
O0003090,U040025,2026-05-11 00:15:00,60.21
O0003195,U023282,2026-05-11 00:15:00,61.57
O0003223,U027549,2026-05-11 00:15:00,36.09
O0003264,U046592,2026-05-11 00:15:00,48.89
O0003342,U042008,2026-05-11 00:15:00,41.8
O0003345,U020906,2026-05-11 00:15:00,33.18
O0003346,U025341,2026-05-11 00:15:00,78.82
O0003350,U022260,2026-05-11 00:15:00,81.16
O0003352,U036290,2026-05-11 00:15:00,19.81
O0003353,U037272,2026-05-11 00:15:00,40.46
O0000320,U003335,2026-05-12 00:15:00,88.93
O0000407,U030640,2026-05-12 00:15:00,102.55
O0000481,U026369,2026-05-12 00:15:00,23.75
O0000589,U038665,2026-05-12 00:15:00,100.99
O0001584,U043764,2026-05-12 00:15:00,96.4
O0001615,U020310,2026-05-12 00:15:00,65.85
O0001686,U015423,2026-05-12 00:15:00,40.74
O0001718,U015455,2026-05-12 00:15:00,28.54
O0002061,U045253,2026-05-12 00:15:00,61.11
O0002161,U033417,2026-05-12 00:15:00,39.23
O0002407,U007788,2026-05-12 00:15:00,47.1
O0002508,U003341,2026-05-12 00:15:00,45.46
O0002536,U046003,2026-05-12 00:15:00,108.82
O0002741,U027213,2026-05-12 00:15:00,182.21
O0002948,U041853,2026-05-12 00:15:00,24.22
O0003017,U005955,2026-05-12 00:15:00,25.94
O0003282,U042133,2026-05-12 00:15:00,54.83
O0003291,U025635,2026-05-12 00:15:00,25.82
O0003340,U020502,2026-05-12 00:15:00,127.22
O0003341,U022575,2026-05-12 00:15:00,50.85
O0003354,U021341,2026-05-12 00:15:00,73.5
O0003356,U037093,2026-05-12 00:15:00,57.58
O0003358,U037107,2026-05-12 00:15:00,28.81
O0003359,U043955,2026-05-12 00:15:00,143.42
O0003360,U049345,2026-05-12 00:15:00,44.77
O0003361,U013713,2026-05-12 00:15:00,56.3
O0003362,U000071,2026-05-12 00:15:00,31.21
O0003364,U007478,2026-05-12 00:15:00,21.13
O0003366,U023834,2026-05-12 00:15:00,70.18
O0003367,U028952,2026-05-12 00:15:00,55.13
O0003368,U014150,2026-05-12 00:15:00,85.39
O0000626,U019237,2026-05-13 00:15:00,164.05
O0000639,U014731,2026-05-13 00:15:00,52.47
O0000654,U010091,2026-05-13 00:15:00,40.58
O0000775,U011756,2026-05-13 00:15:00,125.3
O0001308,U046052,2026-05-13 00:15:00,37.09
O0001471,U000607,2026-05-13 00:15:00,64.89
O0001761,U047247,2026-05-13 00:15:00,94.03
O0001929,U002925,2026-05-13 00:15:00,86.45
O0001932,U020596,2026-05-13 00:15:00,66.03
O0002467,U037428,2026-05-13 00:15:00,23.19
O0002538,U013201,2026-05-13 00:15:00,114.69
O0002628,U009927,2026-05-13 00:15:00,87.19
O0002688,U024776,2026-05-13 00:15:00,108.51
O0002784,U018334,2026-05-13 00:15:00,65.1
O0002823,U025978,2026-05-13 00:15:00,58.11
O0002849,U019277,2026-05-13 00:15:00,23.9
O0002953,U018802,2026-05-13 00:15:00,24.94
O0003039,U004215,2026-05-13 00:15:00,41.69
O0003369,U005296,2026-05-13 00:15:00,52.65
O0003370,U029938,2026-05-13 00:15:00,40.13
O0003371,U002902,2026-05-13 00:15:00,26.61
O0003373,U016266,2026-05-13 00:15:00,36.78
O0003374,U022009,2026-05-13 00:15:00,41.34
O0003375,U026264,2026-05-13 00:15:00,99.71
O0003376,U016658,2026-05-13 00:15:00,38.16
O0000368,U042222,2026-05-14 00:15:00,99.57
O0000451,U029975,2026-05-14 00:15:00,57.55
O0000467,U010061,2026-05-14 00:15:00,87.75
O0000666,U014531,2026-05-14 00:15:00,90.13
O0001165,U004407,2026-05-14 00:15:00,62.48
O0001248,U020900,2026-05-14 00:15:00,17.83
O0001717,U043517,2026-05-14 00:15:00,59.33
O0002040,U037491,2026-05-14 00:15:00,28.89
O0002227,U008107,2026-05-14 00:15:00,74.03
O0002405,U031643,2026-05-14 00:15:00,52.35
O0002534,U025088,2026-05-14 00:15:00,109.91
O0002577,U044240,2026-05-14 00:15:00,38.31
O0002714,U005862,2026-05-14 00:15:00,28.18
O0002779,U030644,2026-05-14 00:15:00,45.6
O0002879,U011863,2026-05-14 00:15:00,113.57
O0002886,U035120,2026-05-14 00:15:00,64.43
O0003012,U045683,2026-05-14 00:15:00,56.29
O0003212,U033795,2026-05-14 00:15:00,62.23
O0003378,U028515,2026-05-14 00:15:00,40.26
O0003382,U002545,2026-05-14 00:15:00,60.94
O0003383,U001199,2026-05-14 00:15:00,61.35
O0003387,U022346,2026-05-14 00:15:00,23.82
O0003388,U030114,2026-05-14 00:15:00,66.69
O0003389,U040970,2026-05-14 00:15:00,44.26
O0003390,U021838,2026-05-14 00:15:00,49.4
O0000024,U049842,2026-05-15 00:15:00,45.52
O0000188,U029603,2026-05-15 00:15:00,51.17
O0000221,U029879,2026-05-15 00:15:00,31.04
O0000316,U039004,2026-05-15 00:15:00,44.32
O0000337,U045473,2026-05-15 00:15:00,65.7
O0000355,U032196,2026-05-15 00:15:00,42.25
O0000992,U044488,2026-05-15 00:15:00,150.93
O0002051,U036216,2026-05-15 00:15:00,57.2
O0002198,U004355,2026-05-15 00:15:00,37.06
O0002344,U041106,2026-05-15 00:15:00,27.07
O0003344,U041915,2026-05-15 00:15:00,24.96
O0003393,U028626,2026-05-15 00:15:00,48.96
O0003394,U030562,2026-05-15 00:15:00,57.24
O0003395,U005589,2026-05-15 00:15:00,97.33
O0003398,U036294,2026-05-15 00:15:00,35.37
O0003399,U022945,2026-05-15 00:15:00,84.67
O0003400,U022849,2026-05-15 00:15:00,49.38
O0003401,U008404,2026-05-15 00:15:00,85.05
O0003402,U005045,2026-05-15 00:15:00,64.65
O0001024,U027077,2026-05-16 00:15:00,40.8
O0001068,U020654,2026-05-16 00:15:00,61.2
O0001367,U030740,2026-05-16 00:15:00,54.45
O0001570,U029976,2026-05-16 00:15:00,86.74
O0001798,U008613,2026-05-16 00:15:00,109.03
O0002006,U033661,2026-05-16 00:15:00,24.68
O0002099,U044172,2026-05-16 00:15:00,125.37
O0002234,U015945,2026-05-16 00:15:00,59.73
O0002247,U030010,2026-05-16 00:15:00,48.4
O0002252,U038032,2026-05-16 00:15:00,24.55
O0002355,U037773,2026-05-16 00:15:00,118.56
O0002358,U010905,2026-05-16 00:15:00,66.09
O0002365,U024676,2026-05-16 00:15:00,71.75
O0002395,U019718,2026-05-16 00:15:00,57.14
O0002542,U049298,2026-05-16 00:15:00,30.14
O0002926,U043447,2026-05-16 00:15:00,79.62
O0003126,U048808,2026-05-16 00:15:00,54.23
O0003179,U042914,2026-05-16 00:15:00,65.09
O0003233,U019149,2026-05-16 00:15:00,27.88
O0003295,U000173,2026-05-16 00:15:00,46.09
O0003403,U037537,2026-05-16 00:15:00,17.12
O0000072,U033266,2026-05-17 00:15:00,23.03
O0000813,U015050,2026-05-17 00:15:00,62.51
O0001232,U013055,2026-05-17 00:15:00,25.37
O0001296,U043367,2026-05-17 00:15:00,33.44
O0001333,U039566,2026-05-17 00:15:00,23.45
O0001404,U046687,2026-05-17 00:15:00,38.06
O0002062,U009548,2026-05-17 00:15:00,59.17
O0002101,U043778,2026-05-17 00:15:00,75.32
O0002462,U047188,2026-05-17 00:15:00,41.96
O0002545,U031094,2026-05-17 00:15:00,32.61
O0002641,U037150,2026-05-17 00:15:00,70.37
O0002715,U031371,2026-05-17 00:15:00,45.77
O0002848,U029028,2026-05-17 00:15:00,53.61
O0003209,U035147,2026-05-17 00:15:00,71.48
O0003411,U042085,2026-05-17 00:15:00,51.04
O0003412,U042767,2026-05-17 00:15:00,53.15
O0003414,U026911,2026-05-17 00:15:00,80.03
O0003416,U027547,2026-05-17 00:15:00,107.62
O0003417,U022751,2026-05-17 00:15:00,120.94
O0003418,U044824,2026-05-17 00:15:00,78.66
O0003420,U021746,2026-05-17 00:15:00,31.15
O0003421,U040720,2026-05-17 00:15:00,39.43
O0003424,U046398,2026-05-17 00:15:00,19.94
O0003425,U013812,2026-05-17 00:15:00,48.51
O0000100,U026768,2026-05-18 00:15:00,71.1
O0000373,U007369,2026-05-18 00:15:00,64.05
O0000488,U030594,2026-05-18 00:15:00,130.49
O0000553,U025729,2026-05-18 00:15:00,62.96
O0001255,U010138,2026-05-18 00:15:00,32.21
O0001541,U045071,2026-05-18 00:15:00,64.47
O0001562,U048085,2026-05-18 00:15:00,80.12
O0001586,U017250,2026-05-18 00:15:00,90.37
O0002152,U009785,2026-05-18 00:15:00,25.54
O0002154,U016923,2026-05-18 00:15:00,53.69
O0002317,U027689,2026-05-18 00:15:00,29.33
O0002401,U003552,2026-05-18 00:15:00,107.11
O0002566,U006864,2026-05-18 00:15:00,125.62
O0002663,U040977,2026-05-18 00:15:00,27.73
O0002722,U038362,2026-05-18 00:15:00,25.86
O0003159,U017502,2026-05-18 00:15:00,28.5
O0003177,U020066,2026-05-18 00:15:00,116.25
O0003281,U028982,2026-05-18 00:15:00,82.93
O0003298,U017375,2026-05-18 00:15:00,73.1
O0003325,U008263,2026-05-18 00:15:00,46.11
O0003415,U009509,2026-05-18 00:15:00,51.51
O0003426,U029776,2026-05-18 00:15:00,55.79
O0003430,U023250,2026-05-18 00:15:00,55.15
O0003431,U021896,2026-05-18 00:15:00,23.37
O0003432,U002516,2026-05-18 00:15:00,33.66
O0003433,U027020,2026-05-18 00:15:00,106.44
O0003434,U007885,2026-05-18 00:15:00,77.03
O0003436,U035833,2026-05-18 00:15:00,76.76
O0003437,U009154,2026-05-18 00:15:00,74.76
O0000558,U020717,2026-05-19 00:15:00,54.17
O0000570,U008565,2026-05-19 00:15:00,31.38
O0000906,U022310,2026-05-19 00:15:00,41.26
O0001539,U010369,2026-05-19 00:15:00,65.9
O0002045,U004942,2026-05-19 00:15:00,62.77
O0002070,U022784,2026-05-19 00:15:00,158.37
O0002140,U035200,2026-05-19 00:15:00,53.03
O0002434,U020579,2026-05-19 00:15:00,48.81
O0002719,U021221,2026-05-19 00:15:00,64.53
O0002792,U021915,2026-05-19 00:15:00,73.69
O0002887,U013870,2026-05-19 00:15:00,43.45
O0002946,U038507,2026-05-19 00:15:00,37.76
O0003192,U021549,2026-05-19 00:15:00,71.43
O0003438,U048027,2026-05-19 00:15:00,27.89
O0003439,U000794,2026-05-19 00:15:00,48.05
O0003441,U012036,2026-05-19 00:15:00,95.36
O0003445,U049938,2026-05-19 00:15:00,24.46
O0003446,U039041,2026-05-19 00:15:00,48.91
O0000198,U031055,2026-05-20 00:15:00,69.51
O0000450,U030325,2026-05-20 00:15:00,40.49
O0000495,U004382,2026-05-20 00:15:00,210.92
O0000580,U048380,2026-05-20 00:15:00,75.62
O0000832,U037241,2026-05-20 00:15:00,56.88
O0000942,U003242,2026-05-20 00:15:00,58.08
O0001046,U043961,2026-05-20 00:15:00,90.1
O0001115,U046855,2026-05-20 00:15:00,58.48
O0001828,U028230,2026-05-20 00:15:00,36.32
O0001862,U049225,2026-05-20 00:15:00,80.89
O0002250,U024190,2026-05-20 00:15:00,174.78
O0002310,U000180,2026-05-20 00:15:00,48.94
O0002373,U027565,2026-05-20 00:15:00,57.01
O0002683,U014359,2026-05-20 00:15:00,52.27
O0002819,U016895,2026-05-20 00:15:00,58.62
O0002822,U048694,2026-05-20 00:15:00,54.28
O0002827,U012733,2026-05-20 00:15:00,31.33
O0002905,U031884,2026-05-20 00:15:00,11.28
O0002980,U023655,2026-05-20 00:15:00,66.03
O0002988,U022196,2026-05-20 00:15:00,30.73
O0003124,U029236,2026-05-20 00:15:00,43.53
O0003132,U043887,2026-05-20 00:15:00,28.41
O0003149,U024584,2026-05-20 00:15:00,34.14
O0003222,U003388,2026-05-20 00:15:00,19.73
O0003274,U029254,2026-05-20 00:15:00,72.84
O0003278,U010879,2026-05-20 00:15:00,67.83
O0003347,U006932,2026-05-20 00:15:00,36.79
O0003380,U037666,2026-05-20 00:15:00,97.31
O0003447,U003523,2026-05-20 00:15:00,117.22
O0003449,U017968,2026-05-20 00:15:00,93.62
O0003450,U022691,2026-05-20 00:15:00,77.29
O0003451,U040732,2026-05-20 00:15:00,71.99
O0003454,U026694,2026-05-20 00:15:00,62.59
O0003456,U049371,2026-05-20 00:15:00,51.21
O0003457,U040452,2026-05-20 00:15:00,83.36
O0003458,U003540,2026-05-20 00:15:00,41.94
O0000012,U020323,2026-05-21 00:15:00,117.26
O0000060,U006471,2026-05-21 00:15:00,39.1
O0000191,U018664,2026-05-21 00:15:00,30.56
O0000282,U036896,2026-05-21 00:15:00,58.38
O0000774,U024264,2026-05-21 00:15:00,41.21
O0001069,U019076,2026-05-21 00:15:00,30.64
O0001588,U031702,2026-05-21 00:15:00,25.01
O0001895,U028518,2026-05-21 00:15:00,34.39
O0001982,U018609,2026-05-21 00:15:00,41.04
O0002116,U047716,2026-05-21 00:15:00,42.7
O0002296,U006943,2026-05-21 00:15:00,55.84
O0002777,U015145,2026-05-21 00:15:00,39.89
O0003015,U008211,2026-05-21 00:15:00,11.59
O0003199,U016680,2026-05-21 00:15:00,48.17
O0003312,U007451,2026-05-21 00:15:00,31.81
O0003365,U027126,2026-05-21 00:15:00,48.25
O0003419,U040288,2026-05-21 00:15:00,99.18
O0003423,U037595,2026-05-21 00:15:00,53.6
O0003459,U049349,2026-05-21 00:15:00,83.94
O0003461,U035578,2026-05-21 00:15:00,82.29
O0003462,U004661,2026-05-21 00:15:00,58.93
O0003463,U043594,2026-05-21 00:15:00,55.99
O0003465,U039792,2026-05-21 00:15:00,50.37
O0003466,U014862,2026-05-21 00:15:00,20.93
O0003468,U000090,2026-05-21 00:15:00,71.23
O0000098,U020824,2026-05-22 00:15:00,59.62
O0000345,U036764,2026-05-22 00:15:00,41.58
O0000629,U032061,2026-05-22 00:15:00,61.63
O0000672,U000536,2026-05-22 00:15:00,77.61
O0001192,U030409,2026-05-22 00:15:00,55.57
O0001309,U001114,2026-05-22 00:15:00,23.85
O0001466,U012623,2026-05-22 00:15:00,34.1
O0001807,U043098,2026-05-22 00:15:00,68.32
O0001910,U049449,2026-05-22 00:15:00,51.68
O0002432,U012090,2026-05-22 00:15:00,37.73
O0002448,U038268,2026-05-22 00:15:00,63.4
O0002458,U032172,2026-05-22 00:15:00,101.04
O0002535,U047522,2026-05-22 00:15:00,56.69
O0002600,U049295,2026-05-22 00:15:00,24.59
O0002938,U005143,2026-05-22 00:15:00,95.8
O0003103,U047615,2026-05-22 00:15:00,44.4
O0003245,U016104,2026-05-22 00:15:00,41.8
O0003257,U026167,2026-05-22 00:15:00,47.1
O0003280,U002107,2026-05-22 00:15:00,58.54
O0003283,U018997,2026-05-22 00:15:00,164.51
O0003440,U001587,2026-05-22 00:15:00,48.03
O0003469,U012532,2026-05-22 00:15:00,80.15
O0003474,U042283,2026-05-22 00:15:00,111.03
O0003475,U011957,2026-05-22 00:15:00,121.68
O0003477,U006966,2026-05-22 00:15:00,39.97
O0000032,U023501,2026-05-23 00:15:00,37.86
O0000053,U037695,2026-05-23 00:15:00,45.02
O0000111,U026677,2026-05-23 00:15:00,73.33
O0000164,U022475,2026-05-23 00:15:00,37.14
O0000171,U015709,2026-05-23 00:15:00,27.88
O0000524,U038222,2026-05-23 00:15:00,27.71
O0000810,U024157,2026-05-23 00:15:00,119.07
O0000921,U046974,2026-05-23 00:15:00,28.07
O0000937,U026883,2026-05-23 00:15:00,29.68
O0001051,U000626,2026-05-23 00:15:00,272.83
O0001297,U002419,2026-05-23 00:15:00,115.03
O0001407,U029425,2026-05-23 00:15:00,44.26
O0001537,U045231,2026-05-23 00:15:00,51.61
O0001578,U026187,2026-05-23 00:15:00,39.9
O0001636,U007569,2026-05-23 00:15:00,60.7
O0001851,U011975,2026-05-23 00:15:00,31.37
O0002727,U001505,2026-05-23 00:15:00,20.4
O0002952,U017197,2026-05-23 00:15:00,28.78
O0003000,U019120,2026-05-23 00:15:00,61.47
O0003442,U015076,2026-05-23 00:15:00,75.99
O0003480,U042552,2026-05-23 00:15:00,84.92
O0003482,U044563,2026-05-23 00:15:00,68.78
O0003483,U011070,2026-05-23 00:15:00,80.6
O0003484,U019657,2026-05-23 00:15:00,29.02
O0003485,U043119,2026-05-23 00:15:00,52.04
O0003486,U033110,2026-05-23 00:15:00,133.72
O0003487,U001093,2026-05-23 00:15:00,41.8
O0000653,U002008,2026-05-24 00:15:00,19.23
O0001027,U022580,2026-05-24 00:15:00,69.67
O0001124,U021199,2026-05-24 00:15:00,41.75
O0001352,U010262,2026-05-24 00:15:00,109.93
O0001399,U017254,2026-05-24 00:15:00,51.66
O0001416,U028695,2026-05-24 00:15:00,57.19
O0001509,U010826,2026-05-24 00:15:00,89.64
O0001606,U009577,2026-05-24 00:15:00,88.33
O0002119,U012287,2026-05-24 00:15:00,56.45
O0002217,U044002,2026-05-24 00:15:00,25.6
O0002324,U041642,2026-05-24 00:15:00,22.01
O0002740,U049954,2026-05-24 00:15:00,67.93
O0002824,U035090,2026-05-24 00:15:00,107.09
O0002864,U034018,2026-05-24 00:15:00,29.54
O0003196,U028027,2026-05-24 00:15:00,115.3
O0003492,U043294,2026-05-24 00:15:00,49.22
O0003493,U023392,2026-05-24 00:15:00,36.28
O0001006,U021388,2026-05-25 00:15:00,80.88
O0001056,U001265,2026-05-25 00:15:00,119.43
O0001312,U025074,2026-05-25 00:15:00,51.6
O0001324,U034132,2026-05-25 00:15:00,33.78
O0001533,U018758,2026-05-25 00:15:00,93.79
O0001861,U038668,2026-05-25 00:15:00,45.48
O0002033,U006087,2026-05-25 00:15:00,39.99
O0002141,U024960,2026-05-25 00:15:00,42.31
O0002414,U049418,2026-05-25 00:15:00,57.27
O0002702,U002345,2026-05-25 00:15:00,91.74
O0002771,U010435,2026-05-25 00:15:00,28.56
O0002892,U034703,2026-05-25 00:15:00,114.82
O0002990,U045041,2026-05-25 00:15:00,75.86
O0003217,U013289,2026-05-25 00:15:00,127.34
O0003241,U018432,2026-05-25 00:15:00,26.69
O0003307,U039638,2026-05-25 00:15:00,47.82
O0003343,U021817,2026-05-25 00:15:00,127.74
O0003355,U025696,2026-05-25 00:15:00,27.7
O0003501,U031089,2026-05-25 00:15:00,290.55
O0003503,U038722,2026-05-25 00:15:00,44.93
O0003505,U022080,2026-05-25 00:15:00,46.42
O0003506,U008405,2026-05-25 00:15:00,114.57
O0003507,U015508,2026-05-25 00:15:00,50.48
O0003508,U036159,2026-05-25 00:15:00,65.35
O0000096,U042281,2026-05-26 00:15:00,51.95
O0000131,U042458,2026-05-26 00:15:00,113.15
O0000623,U018235,2026-05-26 00:15:00,83.89
O0000823,U008854,2026-05-26 00:15:00,19.85
O0000836,U002944,2026-05-26 00:15:00,6.28
O0001316,U032965,2026-05-26 00:15:00,8.56
O0001675,U030827,2026-05-26 00:15:00,49.13
O0002259,U041193,2026-05-26 00:15:00,85.46
O0002603,U035008,2026-05-26 00:15:00,79.06
O0002685,U047373,2026-05-26 00:15:00,98.72
O0002770,U046221,2026-05-26 00:15:00,36.03
O0002774,U035399,2026-05-26 00:15:00,59.23
O0002778,U011512,2026-05-26 00:15:00,80.53
O0002817,U033104,2026-05-26 00:15:00,78.74
O0002973,U005259,2026-05-26 00:15:00,50.91
O0003007,U026941,2026-05-26 00:15:00,41.83
O0003193,U029932,2026-05-26 00:15:00,40.86
O0003206,U046976,2026-05-26 00:15:00,8.72
O0003386,U049776,2026-05-26 00:15:00,101.71
O0003509,U012889,2026-05-26 00:15:00,144.2
O0003511,U025018,2026-05-26 00:15:00,109.67
O0003512,U005401,2026-05-26 00:15:00,66.11
O0003513,U001127,2026-05-26 00:15:00,20.2
O0003514,U009181,2026-05-26 00:15:00,106.0
O0003515,U006431,2026-05-26 00:15:00,38.17
O0001103,U007404,2026-05-27 00:15:00,86.68
O0001230,U036692,2026-05-27 00:15:00,71.76
O0001339,U013101,2026-05-27 00:15:00,73.46
O0001684,U036735,2026-05-27 00:15:00,43.01
O0002275,U003638,2026-05-27 00:15:00,57.22
O0002294,U049309,2026-05-27 00:15:00,77.73
O0002733,U041349,2026-05-27 00:15:00,60.69
O0003006,U035432,2026-05-27 00:15:00,45.96
O0003025,U009789,2026-05-27 00:15:00,99.27
O0003190,U018212,2026-05-27 00:15:00,33.25
O0003194,U017446,2026-05-27 00:15:00,47.13
O0003210,U014346,2026-05-27 00:15:00,113.91
O0003396,U047419,2026-05-27 00:15:00,19.0
O0003408,U041988,2026-05-27 00:15:00,49.79
O0003516,U015450,2026-05-27 00:15:00,34.95
O0003517,U014114,2026-05-27 00:15:00,133.07
O0000118,U019364,2026-05-28 00:15:00,52.86
O0000490,U017074,2026-05-28 00:15:00,33.98
O0000747,U021442,2026-05-28 00:15:00,30.64
O0000822,U043393,2026-05-28 00:15:00,55.89
O0000884,U025936,2026-05-28 00:15:00,32.71
O0001065,U017812,2026-05-28 00:15:00,47.67
O0001320,U011092,2026-05-28 00:15:00,42.48
O0001401,U043225,2026-05-28 00:15:00,106.89
O0001597,U014295,2026-05-28 00:15:00,23.56
O0001625,U047034,2026-05-28 00:15:00,72.39
O0001872,U000496,2026-05-28 00:15:00,67.46
O0002145,U028593,2026-05-28 00:15:00,60.9
O0002196,U045620,2026-05-28 00:15:00,76.92
O0002268,U047539,2026-05-28 00:15:00,69.43
O0002602,U042128,2026-05-28 00:15:00,61.17
O0002691,U002037,2026-05-28 00:15:00,34.98
O0002793,U010070,2026-05-28 00:15:00,98.62
O0002928,U004181,2026-05-28 00:15:00,51.08
O0003117,U045515,2026-05-28 00:15:00,62.77
O0003276,U048653,2026-05-28 00:15:00,114.9
O0003496,U012749,2026-05-28 00:15:00,48.02
O0003519,U039276,2026-05-28 00:15:00,21.09
O0003522,U017020,2026-05-28 00:15:00,55.31
O0000007,U004627,2026-05-29 00:15:00,44.75
O0000428,U006636,2026-05-29 00:15:00,24.46
O0000471,U041181,2026-05-29 00:15:00,106.17
O0000528,U033030,2026-05-29 00:15:00,40.4
O0001123,U033163,2026-05-29 00:15:00,98.64
O0001704,U020910,2026-05-29 00:15:00,74.15
O0001846,U025152,2026-05-29 00:15:00,139.85
O0002031,U038122,2026-05-29 00:15:00,47.27
O0002107,U016586,2026-05-29 00:15:00,47.54
O0002343,U014033,2026-05-29 00:15:00,48.22
O0002361,U036136,2026-05-29 00:15:00,26.28
O0002838,U026481,2026-05-29 00:15:00,132.47
O0002868,U019004,2026-05-29 00:15:00,88.77
O0002985,U011662,2026-05-29 00:15:00,50.9
O0003137,U009858,2026-05-29 00:15:00,54.7
O0003184,U011061,2026-05-29 00:15:00,170.9
O0003525,U029389,2026-05-29 00:15:00,71.68
O0003526,U030558,2026-05-29 00:15:00,73.68
O0003529,U014123,2026-05-29 00:15:00,42.35
O0000051,U019932,2026-05-30 00:15:00,98.46
O0000180,U033357,2026-05-30 00:15:00,59.81
O0000267,U014387,2026-05-30 00:15:00,53.53
O0000334,U008947,2026-05-30 00:15:00,174.13
O0000645,U033791,2026-05-30 00:15:00,46.66
O0000916,U027066,2026-05-30 00:15:00,59.53
O0001321,U031532,2026-05-30 00:15:00,30.52
O0001744,U019624,2026-05-30 00:15:00,51.99
O0001918,U013321,2026-05-30 00:15:00,59.91
O0002009,U002135,2026-05-30 00:15:00,33.66
O0002163,U038392,2026-05-30 00:15:00,110.78
O0002233,U015929,2026-05-30 00:15:00,107.82
O0002308,U040135,2026-05-30 00:15:00,42.09
O0002394,U020435,2026-05-30 00:15:00,44.37
O0002737,U028207,2026-05-30 00:15:00,47.74
O0002800,U028634,2026-05-30 00:15:00,66.45
O0003172,U043682,2026-05-30 00:15:00,51.03
O0003317,U028597,2026-05-30 00:15:00,155.86
O0003379,U041882,2026-05-30 00:15:00,59.87
O0003530,U040448,2026-05-30 00:15:00,62.92
O0003531,U045805,2026-05-30 00:15:00,40.69
O0003532,U026784,2026-05-30 00:15:00,80.86
O0003534,U044081,2026-05-30 00:15:00,46.46
O0003535,U044928,2026-05-30 00:15:00,66.81
O0000250,U025942,2026-05-31 00:15:00,39.14
O0000778,U037438,2026-05-31 00:15:00,25.24
O0001144,U031115,2026-05-31 00:15:00,42.06
O0001604,U043770,2026-05-31 00:15:00,51.07
O0001812,U007169,2026-05-31 00:15:00,40.28
O0002104,U006113,2026-05-31 00:15:00,34.5
O0002322,U009249,2026-05-31 00:15:00,94.49
O0002368,U001442,2026-05-31 00:15:00,98.86
O0002533,U003632,2026-05-31 00:15:00,64.95
O0002651,U048620,2026-05-31 00:15:00,76.56
O0002839,U011969,2026-05-31 00:15:00,33.13
O0002940,U014668,2026-05-31 00:15:00,25.83
O0003011,U045686,2026-05-31 00:15:00,75.08
O0003082,U017892,2026-05-31 00:15:00,100.12
O0003122,U003856,2026-05-31 00:15:00,44.46
O0003259,U008084,2026-05-31 00:15:00,47.9
O0003349,U034715,2026-05-31 00:15:00,48.12
O0003476,U043572,2026-05-31 00:15:00,61.61
O0003536,U009338,2026-05-31 00:15:00,96.95
O0003537,U018039,2026-05-31 00:15:00,56.7
O0003538,U021869,2026-05-31 00:15:00,34.31
O0003541,U034302,2026-05-31 00:15:00,36.04
O0003542,U044656,2026-05-31 00:15:00,112.14
O0003543,U035958,2026-05-31 00:15:00,48.66
O0000711,U042403,2026-06-01 00:15:00,36.32
O0000871,U036121,2026-06-01 00:15:00,41.63
O0000881,U027327,2026-06-01 00:15:00,69.78
O0001208,U042113,2026-06-01 00:15:00,40.48
O0001706,U046720,2026-06-01 00:15:00,79.46
O0001878,U019836,2026-06-01 00:15:00,100.12
O0002487,U003637,2026-06-01 00:15:00,103.97
O0002657,U024099,2026-06-01 00:15:00,99.0
O0002661,U046616,2026-06-01 00:15:00,82.15
O0002672,U025566,2026-06-01 00:15:00,33.65
O0002716,U036728,2026-06-01 00:15:00,54.54
O0003545,U029508,2026-06-01 00:15:00,23.88
O0003547,U047236,2026-06-01 00:15:00,63.58
O0003548,U042624,2026-06-01 00:15:00,66.84
O0003549,U011112,2026-06-01 00:15:00,64.75
O0003550,U002227,2026-06-01 00:15:00,52.53
O0003551,U034610,2026-06-01 00:15:00,47.19
O0003552,U035624,2026-06-01 00:15:00,21.48
O0000058,U027889,2026-06-02 00:15:00,71.91
O0000154,U024215,2026-06-02 00:15:00,83.77
O0001435,U005726,2026-06-02 00:15:00,50.06
O0001907,U023037,2026-06-02 00:15:00,116.94
O0002008,U046721,2026-06-02 00:15:00,98.81
O0002098,U027063,2026-06-02 00:15:00,33.7
O0002135,U013032,2026-06-02 00:15:00,52.42
O0002212,U012134,2026-06-02 00:15:00,77.51
O0002290,U023074,2026-06-02 00:15:00,80.73
O0002336,U010034,2026-06-02 00:15:00,48.07
O0002342,U008805,2026-06-02 00:15:00,77.18
O0002346,U024145,2026-06-02 00:15:00,64.45
O0002393,U013734,2026-06-02 00:15:00,109.94
O0002853,U034324,2026-06-02 00:15:00,69.38
O0003186,U003354,2026-06-02 00:15:00,70.15
O0003320,U042888,2026-06-02 00:15:00,147.57
O0003381,U033877,2026-06-02 00:15:00,94.01
O0003478,U007138,2026-06-02 00:15:00,52.73
O0003554,U026703,2026-06-02 00:15:00,65.48
O0003555,U047078,2026-06-02 00:15:00,75.03
O0003560,U048321,2026-06-02 00:15:00,88.7
O0003562,U030552,2026-06-02 00:15:00,19.11
O0000273,U014768,2026-06-03 00:15:00,32.48
O0000840,U034687,2026-06-03 00:15:00,28.94
O0000879,U003153,2026-06-03 00:15:00,120.61
O0001108,U025708,2026-06-03 00:15:00,77.1
O0001221,U006120,2026-06-03 00:15:00,68.73
O0001327,U030738,2026-06-03 00:15:00,51.21
O0001375,U044397,2026-06-03 00:15:00,24.58
O0001568,U043192,2026-06-03 00:15:00,112.6
O0001610,U014323,2026-06-03 00:15:00,40.3
O0001756,U038929,2026-06-03 00:15:00,50.64
O0001868,U009332,2026-06-03 00:15:00,55.34
O0002066,U007613,2026-06-03 00:15:00,77.14
O0002194,U041575,2026-06-03 00:15:00,44.67
O0002425,U045783,2026-06-03 00:15:00,43.16
O0002637,U026622,2026-06-03 00:15:00,59.0
O0002760,U025607,2026-06-03 00:15:00,54.11
O0003174,U012916,2026-06-03 00:15:00,33.09
O0003197,U044799,2026-06-03 00:15:00,38.85
O0003444,U000433,2026-06-03 00:15:00,51.38
O0003455,U021374,2026-06-03 00:15:00,50.97
O0003467,U010599,2026-06-03 00:15:00,46.13
O0003495,U007343,2026-06-03 00:15:00,148.85
O0003564,U015266,2026-06-03 00:15:00,30.72
O0003565,U043774,2026-06-03 00:15:00,38.46
O0003566,U013376,2026-06-03 00:15:00,124.11
O0003567,U029210,2026-06-03 00:15:00,19.2
O0003568,U023870,2026-06-03 00:15:00,45.38
O0003569,U008455,2026-06-03 00:15:00,23.23
O0003570,U031813,2026-06-03 00:15:00,35.23
O0003571,U013832,2026-06-03 00:15:00,43.5
O0000135,U015409,2026-06-04 00:15:00,53.06
O0000142,U014613,2026-06-04 00:15:00,68.17
O0000230,U026353,2026-06-04 00:15:00,30.88
O0000264,U033059,2026-06-04 00:15:00,49.89
O0000472,U046742,2026-06-04 00:15:00,30.05
O0000544,U020248,2026-06-04 00:15:00,71.02
O0001353,U006488,2026-06-04 00:15:00,38.07
O0001567,U044147,2026-06-04 00:15:00,95.79
O0001849,U035927,2026-06-04 00:15:00,88.04
O0001973,U027173,2026-06-04 00:15:00,85.2
O0002421,U014020,2026-06-04 00:15:00,41.05
O0002686,U027753,2026-06-04 00:15:00,78.3
O0002705,U031564,2026-06-04 00:15:00,59.13
O0002898,U003675,2026-06-04 00:15:00,45.69
O0003299,U001148,2026-06-04 00:15:00,67.31
O0003300,U044814,2026-06-04 00:15:00,66.63
O0003329,U038324,2026-06-04 00:15:00,47.67
O0003384,U000092,2026-06-04 00:15:00,24.21
O0003523,U038968,2026-06-04 00:15:00,117.69
O0003572,U040686,2026-06-04 00:15:00,46.44
O0003574,U017340,2026-06-04 00:15:00,22.46
O0003575,U013356,2026-06-04 00:15:00,48.33
O0003576,U003126,2026-06-04 00:15:00,107.96
O0003577,U020751,2026-06-04 00:15:00,13.85
O0003578,U018742,2026-06-04 00:15:00,65.75
O0003580,U013082,2026-06-04 00:15:00,33.57
O0000245,U025856,2026-06-05 00:15:00,41.22
O0000699,U012923,2026-06-05 00:15:00,33.95
O0000782,U032322,2026-06-05 00:15:00,70.4
O0000925,U047427,2026-06-05 00:15:00,48.18
O0000968,U026431,2026-06-05 00:15:00,154.72
O0000981,U012544,2026-06-05 00:15:00,13.87
O0001033,U009182,2026-06-05 00:15:00,21.85
O0001456,U007354,2026-06-05 00:15:00,65.28
O0001477,U004075,2026-06-05 00:15:00,19.91
O0001502,U000254,2026-06-05 00:15:00,26.59
O0001903,U002290,2026-06-05 00:15:00,69.22
O0002086,U035676,2026-06-05 00:15:00,42.78
O0002091,U004424,2026-06-05 00:15:00,29.61
O0002441,U024724,2026-06-05 00:15:00,32.28
O0002807,U021332,2026-06-05 00:15:00,225.99
O0002843,U033438,2026-06-05 00:15:00,35.87
O0002880,U038378,2026-06-05 00:15:00,44.04
O0002921,U023648,2026-06-05 00:15:00,94.66
O0003028,U009624,2026-06-05 00:15:00,56.11
O0003029,U049092,2026-06-05 00:15:00,83.31
O0003060,U007583,2026-06-05 00:15:00,84.21
O0003139,U006328,2026-06-05 00:15:00,214.68
O0003155,U013231,2026-06-05 00:15:00,34.04
O0003481,U038099,2026-06-05 00:15:00,38.27
O0003585,U008041,2026-06-05 00:15:00,65.94
O0003586,U026604,2026-06-05 00:15:00,94.77
O0003587,U012044,2026-06-05 00:15:00,23.39
O0000421,U019712,2026-06-06 00:15:00,59.53
O0000519,U036020,2026-06-06 00:15:00,46.07
O0000919,U018741,2026-06-06 00:15:00,25.86
O0001413,U022319,2026-06-06 00:15:00,63.98
O0001600,U023096,2026-06-06 00:15:00,72.18
O0001617,U022911,2026-06-06 00:15:00,29.66
O0001630,U007221,2026-06-06 00:15:00,31.82
O0001971,U007299,2026-06-06 00:15:00,36.94
O0002211,U027928,2026-06-06 00:15:00,79.83
O0002319,U049025,2026-06-06 00:15:00,18.52
O0002436,U033116,2026-06-06 00:15:00,36.36
O0002832,U049592,2026-06-06 00:15:00,58.27
O0002871,U023570,2026-06-06 00:15:00,107.96
O0003499,U021400,2026-06-06 00:15:00,113.61
O0003588,U013519,2026-06-06 00:15:00,137.5
O0003590,U047796,2026-06-06 00:15:00,53.99
O0003591,U004190,2026-06-06 00:15:00,35.82
O0003592,U009248,2026-06-06 00:15:00,32.15
O0003593,U041514,2026-06-06 00:15:00,57.61
O0001249,U004316,2026-06-07 00:15:00,37.31
O0001334,U027251,2026-06-07 00:15:00,44.99
O0001428,U035767,2026-06-07 00:15:00,158.11
O0001499,U027027,2026-06-07 00:15:00,38.8
O0001747,U021189,2026-06-07 00:15:00,118.19
O0001949,U029669,2026-06-07 00:15:00,18.38
O0002014,U036942,2026-06-07 00:15:00,73.84
O0002047,U017818,2026-06-07 00:15:00,98.97
O0002150,U031538,2026-06-07 00:15:00,24.34
O0002172,U031289,2026-06-07 00:15:00,11.26
O0002220,U044072,2026-06-07 00:15:00,44.03
O0002302,U048855,2026-06-07 00:15:00,66.69
O0002435,U046550,2026-06-07 00:15:00,47.76
O0002587,U048481,2026-06-07 00:15:00,57.99
O0002650,U029045,2026-06-07 00:15:00,16.66
O0002963,U022871,2026-06-07 00:15:00,43.48
O0003079,U025493,2026-06-07 00:15:00,68.69
O0003110,U034119,2026-06-07 00:15:00,58.97
O0003594,U012731,2026-06-07 00:15:00,108.89
O0003596,U027541,2026-06-07 00:15:00,86.28
O0003597,U036760,2026-06-07 00:15:00,41.62
O0003598,U048718,2026-06-07 00:15:00,40.12
O0001009,U004261,2026-06-08 00:15:00,169.88
O0001075,U001124,2026-06-08 00:15:00,53.47
O0001100,U018778,2026-06-08 00:15:00,36.31
O0001622,U030978,2026-06-08 00:15:00,130.69
O0001654,U036847,2026-06-08 00:15:00,31.33
O0002153,U028612,2026-06-08 00:15:00,18.07
O0002280,U013221,2026-06-08 00:15:00,84.66
O0002327,U015694,2026-06-08 00:15:00,104.96
O0002351,U007866,2026-06-08 00:15:00,42.24
O0002706,U043301,2026-06-08 00:15:00,37.63
O0002725,U010741,2026-06-08 00:15:00,55.68
O0002846,U019511,2026-06-08 00:15:00,89.86
O0003004,U039291,2026-06-08 00:15:00,54.1
O0003021,U009056,2026-06-08 00:15:00,36.56
O0003052,U005323,2026-06-08 00:15:00,112.28
O0003185,U043905,2026-06-08 00:15:00,84.39
O0003339,U018457,2026-06-08 00:15:00,55.33
O0003385,U035349,2026-06-08 00:15:00,63.53
O0003488,U010161,2026-06-08 00:15:00,98.25
O0003497,U003316,2026-06-08 00:15:00,58.34
O0003527,U000492,2026-06-08 00:15:00,100.96
O0003559,U032254,2026-06-08 00:15:00,49.41
O0003601,U049397,2026-06-08 00:15:00,179.34
O0003602,U002287,2026-06-08 00:15:00,31.99
O0003603,U016409,2026-06-08 00:15:00,96.17
O0003604,U021246,2026-06-08 00:15:00,57.28
O0003605,U028206,2026-06-08 00:15:00,34.94
O0003606,U006956,2026-06-08 00:15:00,60.62
O0003607,U048666,2026-06-08 00:15:00,27.61
O0000225,U026946,2026-06-09 00:15:00,35.85
O0000820,U031553,2026-06-09 00:15:00,39.11
O0001220,U033362,2026-06-09 00:15:00,86.65
O0001257,U010680,2026-06-09 00:15:00,28.57
O0001520,U034767,2026-06-09 00:15:00,58.23
O0001641,U039787,2026-06-09 00:15:00,160.9
O0001981,U020956,2026-06-09 00:15:00,65.89
O0002017,U008737,2026-06-09 00:15:00,34.07
O0002676,U043469,2026-06-09 00:15:00,50.74
O0002835,U008829,2026-06-09 00:15:00,45.32
O0003171,U040861,2026-06-09 00:15:00,86.04
O0003326,U038670,2026-06-09 00:15:00,40.33
O0003422,U009832,2026-06-09 00:15:00,37.03
O0003539,U044284,2026-06-09 00:15:00,65.7
O0003608,U005925,2026-06-09 00:15:00,71.97
O0003609,U047650,2026-06-09 00:15:00,38.62
O0003610,U003384,2026-06-09 00:15:00,35.48
O0003611,U019654,2026-06-09 00:15:00,29.72
O0000039,U046851,2026-06-10 00:15:00,129.74
O0000254,U008654,2026-06-10 00:15:00,66.25
O0000438,U042377,2026-06-10 00:15:00,71.02
O0000498,U044017,2026-06-10 00:15:00,156.95
O0001698,U038045,2026-06-10 00:15:00,53.72
O0001767,U025518,2026-06-10 00:15:00,35.31
O0001873,U003272,2026-06-10 00:15:00,56.36
O0001880,U024414,2026-06-10 00:15:00,46.14
O0002444,U043884,2026-06-10 00:15:00,82.57
O0002665,U013303,2026-06-10 00:15:00,59.62
O0002813,U043475,2026-06-10 00:15:00,10.3
O0002821,U005062,2026-06-10 00:15:00,20.93
O0003059,U017336,2026-06-10 00:15:00,40.75
O0003088,U001303,2026-06-10 00:15:00,48.92
O0003435,U001964,2026-06-10 00:15:00,60.39
O0003612,U018949,2026-06-10 00:15:00,78.44
O0003616,U049870,2026-06-10 00:15:00,42.13
O0003617,U016469,2026-06-10 00:15:00,43.4
O0003618,U001170,2026-06-10 00:15:00,30.98
O0003619,U005877,2026-06-10 00:15:00,20.89
O0003620,U007764,2026-06-10 00:15:00,59.03
O0000064,U003136,2026-06-11 00:15:00,56.95
O0000575,U034708,2026-06-11 00:15:00,81.16
O0000678,U026905,2026-06-11 00:15:00,78.08
O0000805,U030178,2026-06-11 00:15:00,114.15
O0001073,U044675,2026-06-11 00:15:00,78.53
O0001323,U032180,2026-06-11 00:15:00,67.28
O0001343,U001862,2026-06-11 00:15:00,10.08
O0001933,U049039,2026-06-11 00:15:00,120.51
O0002111,U012760,2026-06-11 00:15:00,39.93
O0002572,U048134,2026-06-11 00:15:00,190.93
O0002595,U005331,2026-06-11 00:15:00,87.46
O0002795,U010000,2026-06-11 00:15:00,90.64
O0002983,U022919,2026-06-11 00:15:00,57.37
O0003144,U007908,2026-06-11 00:15:00,95.91
O0003391,U042163,2026-06-11 00:15:00,46.49
O0003429,U041713,2026-06-11 00:15:00,120.17
O0003453,U045174,2026-06-11 00:15:00,95.42
O0003528,U006727,2026-06-11 00:15:00,73.88
O0003553,U011251,2026-06-11 00:15:00,72.52
O0003595,U036798,2026-06-11 00:15:00,163.61
O0003600,U008942,2026-06-11 00:15:00,54.34
O0003621,U001081,2026-06-11 00:15:00,19.56
O0003622,U025206,2026-06-11 00:15:00,35.95
O0003623,U021880,2026-06-11 00:15:00,139.64
O0000083,U031396,2026-06-12 00:15:00,110.31
O0000634,U041561,2026-06-12 00:15:00,51.15
O0000762,U039065,2026-06-12 00:15:00,15.41
O0002203,U026670,2026-06-12 00:15:00,52.4
O0002225,U031699,2026-06-12 00:15:00,66.6
O0002515,U036289,2026-06-12 00:15:00,29.48
O0002931,U018019,2026-06-12 00:15:00,90.89
O0002996,U022246,2026-06-12 00:15:00,106.97
O0003094,U018823,2026-06-12 00:15:00,90.26
O0003242,U003457,2026-06-12 00:15:00,67.45
O0003248,U027026,2026-06-12 00:15:00,46.97
O0003332,U025276,2026-06-12 00:15:00,47.17
O0003489,U041415,2026-06-12 00:15:00,54.8
O0003502,U042630,2026-06-12 00:15:00,36.62
O0003556,U011835,2026-06-12 00:15:00,30.48
O0003573,U049752,2026-06-12 00:15:00,89.7
O0003583,U016470,2026-06-12 00:15:00,36.85
O0003626,U049048,2026-06-12 00:15:00,58.72
O0003628,U045196,2026-06-12 00:15:00,89.46
O0003629,U025113,2026-06-12 00:15:00,38.51
O0003630,U009139,2026-06-12 00:15:00,50.33
O0003631,U029292,2026-06-12 00:15:00,89.86
O0003632,U044460,2026-06-12 00:15:00,110.21
O0003633,U042276,2026-06-12 00:15:00,35.27
O0000184,U016523,2026-06-13 00:15:00,64.1
O0000376,U018102,2026-06-13 00:15:00,38.34
O0000657,U022954,2026-06-13 00:15:00,31.26
O0001141,U006224,2026-06-13 00:15:00,101.87
O0001511,U005174,2026-06-13 00:15:00,52.81
O0001569,U022303,2026-06-13 00:15:00,109.16
O0001687,U013389,2026-06-13 00:15:00,50.03
O0001941,U001059,2026-06-13 00:15:00,52.48
O0002103,U039389,2026-06-13 00:15:00,29.4
O0002221,U013646,2026-06-13 00:15:00,42.04
O0002475,U043850,2026-06-13 00:15:00,63.18
O0002491,U000539,2026-06-13 00:15:00,55.72
O0002516,U046617,2026-06-13 00:15:00,62.14
O0002588,U030108,2026-06-13 00:15:00,30.02
O0002690,U001415,2026-06-13 00:15:00,104.92
O0002872,U025170,2026-06-13 00:15:00,43.6
O0002881,U036603,2026-06-13 00:15:00,77.87
O0002891,U025648,2026-06-13 00:15:00,23.39
O0002906,U035369,2026-06-13 00:15:00,68.43
O0002911,U010330,2026-06-13 00:15:00,41.57
O0003096,U040932,2026-06-13 00:15:00,77.85
O0003168,U021409,2026-06-13 00:15:00,40.59
O0003285,U007642,2026-06-13 00:15:00,36.42
O0003334,U030637,2026-06-13 00:15:00,39.7
O0003357,U010934,2026-06-13 00:15:00,90.06
O0003363,U029617,2026-06-13 00:15:00,63.36
O0003473,U026077,2026-06-13 00:15:00,79.57
O0003558,U048377,2026-06-13 00:15:00,54.45
O0003624,U040853,2026-06-13 00:15:00,18.08
O0003635,U041402,2026-06-13 00:15:00,60.33
O0003636,U024595,2026-06-13 00:15:00,95.5
O0003637,U018560,2026-06-13 00:15:00,24.38
O0003639,U028879,2026-06-13 00:15:00,38.54
O0000038,U001237,2026-06-14 00:15:00,30.99
O0000434,U043356,2026-06-14 00:15:00,63.39
O0000741,U025740,2026-06-14 00:15:00,69.81
O0000837,U016697,2026-06-14 00:15:00,307.49
O0001349,U017902,2026-06-14 00:15:00,74.13
O0001830,U037899,2026-06-14 00:15:00,28.47
O0001974,U009913,2026-06-14 00:15:00,47.44
O0002507,U038558,2026-06-14 00:15:00,28.26
O0002772,U031041,2026-06-14 00:15:00,48.08
O0002856,U025854,2026-06-14 00:15:00,30.77
O0002969,U011896,2026-06-14 00:15:00,118.39
O0002971,U049247,2026-06-14 00:15:00,100.86
O0003182,U044224,2026-06-14 00:15:00,24.17
O0003464,U042912,2026-06-14 00:15:00,26.88
O0003479,U017445,2026-06-14 00:15:00,65.86
O0003615,U017983,2026-06-14 00:15:00,37.58
O0003641,U025386,2026-06-14 00:15:00,45.82
O0003643,U015894,2026-06-14 00:15:00,92.69
O0000954,U034483,2026-06-15 00:15:00,60.51
O0000975,U043435,2026-06-15 00:15:00,39.72
O0001030,U044621,2026-06-15 00:15:00,48.45
O0001689,U016618,2026-06-15 00:15:00,37.41
O0001762,U003063,2026-06-15 00:15:00,28.62
O0001887,U028032,2026-06-15 00:15:00,60.73
O0002036,U049148,2026-06-15 00:15:00,53.83
O0002130,U025176,2026-06-15 00:15:00,100.9
O0002956,U015377,2026-06-15 00:15:00,45.67
O0003188,U012372,2026-06-15 00:15:00,73.1
O0003275,U047747,2026-06-15 00:15:00,166.48
O0003277,U015312,2026-06-15 00:15:00,67.6
O0003397,U002748,2026-06-15 00:15:00,42.58
O0003404,U007077,2026-06-15 00:15:00,304.31
O0003407,U031205,2026-06-15 00:15:00,70.96
O0003645,U007621,2026-06-15 00:15:00,22.87
O0003646,U007618,2026-06-15 00:15:00,81.29
O0003649,U036095,2026-06-15 00:15:00,29.91
O0003650,U011995,2026-06-15 00:15:00,53.01
O0003651,U041398,2026-06-15 00:15:00,79.08
O0003652,U012113,2026-06-15 00:15:00,82.32
O0003653,U036856,2026-06-15 00:15:00,50.01
O0000325,U035682,2026-06-16 00:15:00,24.84
O0000596,U049978,2026-06-16 00:15:00,14.69
O0000807,U015981,2026-06-16 00:15:00,81.13
O0001226,U048183,2026-06-16 00:15:00,87.4
O0001464,U002272,2026-06-16 00:15:00,78.2
O0001487,U030748,2026-06-16 00:15:00,86.34
O0001599,U021072,2026-06-16 00:15:00,47.47
O0001748,U049305,2026-06-16 00:15:00,65.69
O0001924,U034927,2026-06-16 00:15:00,129.85
O0002052,U042697,2026-06-16 00:15:00,70.17
O0002445,U042675,2026-06-16 00:15:00,32.63
O0002466,U040564,2026-06-16 00:15:00,21.48
O0002599,U008030,2026-06-16 00:15:00,56.94
O0002615,U027712,2026-06-16 00:15:00,57.23
O0002689,U038016,2026-06-16 00:15:00,42.8
O0002834,U012784,2026-06-16 00:15:00,90.26
O0002858,U000673,2026-06-16 00:15:00,100.77
O0003027,U003767,2026-06-16 00:15:00,12.42
O0003068,U005154,2026-06-16 00:15:00,11.64
O0003083,U042273,2026-06-16 00:15:00,26.2
O0003170,U023880,2026-06-16 00:15:00,43.17
O0003211,U049746,2026-06-16 00:15:00,172.66
O0003443,U044853,2026-06-16 00:15:00,102.46
O0003452,U004735,2026-06-16 00:15:00,41.19
O0003613,U014738,2026-06-16 00:15:00,95.53
O0003644,U002413,2026-06-16 00:15:00,70.46
O0003648,U039115,2026-06-16 00:15:00,51.86
O0003654,U049626,2026-06-16 00:15:00,57.24
O0003656,U009628,2026-06-16 00:15:00,45.67
O0003657,U022374,2026-06-16 00:15:00,87.7
O0003658,U037220,2026-06-16 00:15:00,267.55
O0003659,U011179,2026-06-16 00:15:00,55.13
O0003660,U013237,2026-06-16 00:15:00,87.35
O0003662,U016130,2026-06-16 00:15:00,60.93
O0000277,U018542,2026-06-17 00:15:00,18.61
O0001682,U028133,2026-06-17 00:15:00,56.25
O0001720,U045463,2026-06-17 00:15:00,75.21
O0001782,U004809,2026-06-17 00:15:00,56.91
O0001791,U020690,2026-06-17 00:15:00,38.75
O0001856,U041861,2026-06-17 00:15:00,41.79
O0002039,U007709,2026-06-17 00:15:00,36.52
O0002321,U024102,2026-06-17 00:15:00,205.7
O0002406,U028393,2026-06-17 00:15:00,80.02
O0002541,U009231,2026-06-17 00:15:00,81.45
O0002633,U017667,2026-06-17 00:15:00,42.81
O0002884,U003266,2026-06-17 00:15:00,31.43
O0002912,U005674,2026-06-17 00:15:00,71.38
O0003033,U021790,2026-06-17 00:15:00,56.53
O0003238,U017275,2026-06-17 00:15:00,26.02
O0003290,U010107,2026-06-17 00:15:00,110.7
O0003296,U045062,2026-06-17 00:15:00,20.27
O0003309,U001339,2026-06-17 00:15:00,141.43
O0003348,U018227,2026-06-17 00:15:00,46.54
O0003372,U031332,2026-06-17 00:15:00,115.9
O0003448,U025888,2026-06-17 00:15:00,14.87
O0003640,U042519,2026-06-17 00:15:00,115.07
O0003664,U043185,2026-06-17 00:15:00,45.22
O0003665,U001681,2026-06-17 00:15:00,25.57
O0003668,U002221,2026-06-17 00:15:00,15.77
O0003669,U033742,2026-06-17 00:15:00,64.39
O0003670,U046012,2026-06-17 00:15:00,37.02
O0003671,U027418,2026-06-17 00:15:00,68.05
O0003672,U033472,2026-06-17 00:15:00,49.23
O0000035,U026133,2026-06-18 00:15:00,46.86
O0000186,U047671,2026-06-18 00:15:00,116.92
O0000309,U014022,2026-06-18 00:15:00,56.85
O0000648,U045561,2026-06-18 00:15:00,16.42
O0001225,U007297,2026-06-18 00:15:00,55.24
O0001817,U043204,2026-06-18 00:15:00,53.39
O0002291,U010981,2026-06-18 00:15:00,72.13
O0002473,U040800,2026-06-18 00:15:00,104.55
O0002640,U045209,2026-06-18 00:15:00,44.47
O0002836,U010707,2026-06-18 00:15:00,24.37
O0002893,U036107,2026-06-18 00:15:00,122.76
O0002997,U047719,2026-06-18 00:15:00,100.57
O0003134,U015030,2026-06-18 00:15:00,71.59
O0003318,U001731,2026-06-18 00:15:00,37.04
O0003406,U006444,2026-06-18 00:15:00,52.17
O0003409,U028090,2026-06-18 00:15:00,49.75
O0003510,U011865,2026-06-18 00:15:00,27.62
O0003599,U015453,2026-06-18 00:15:00,43.92
O0003642,U024617,2026-06-18 00:15:00,49.67
O0003647,U002791,2026-06-18 00:15:00,37.77
O0003663,U004237,2026-06-18 00:15:00,68.72
O0003666,U047219,2026-06-18 00:15:00,29.97
O0003674,U032828,2026-06-18 00:15:00,69.04
O0003675,U015760,2026-06-18 00:15:00,20.48
O0003676,U030300,2026-06-18 00:15:00,37.76
O0003677,U015254,2026-06-18 00:15:00,36.89
O0003681,U000383,2026-06-18 00:15:00,93.57
O0000677,U008776,2026-06-19 00:15:00,30.11
O0000783,U009196,2026-06-19 00:15:00,31.43
O0000799,U042917,2026-06-19 00:15:00,30.4
O0001422,U016775,2026-06-19 00:15:00,38.77
O0001494,U020095,2026-06-19 00:15:00,27.15
O0001652,U049530,2026-06-19 00:15:00,34.71
O0001671,U040737,2026-06-19 00:15:00,46.45
O0001962,U014757,2026-06-19 00:15:00,43.8
O0001968,U036389,2026-06-19 00:15:00,41.64
O0001975,U033598,2026-06-19 00:15:00,33.49
O0002060,U027726,2026-06-19 00:15:00,197.98
O0002151,U046044,2026-06-19 00:15:00,84.08
O0002214,U047934,2026-06-19 00:15:00,15.68
O0002326,U048062,2026-06-19 00:15:00,42.77
O0002855,U025671,2026-06-19 00:15:00,51.2
O0002960,U004876,2026-06-19 00:15:00,34.51
O0003067,U006547,2026-06-19 00:15:00,51.87
O0003086,U023334,2026-06-19 00:15:00,27.08
O0003142,U041672,2026-06-19 00:15:00,38.11
O0003294,U040889,2026-06-19 00:15:00,65.71
O0003427,U012759,2026-06-19 00:15:00,96.66
O0003627,U024285,2026-06-19 00:15:00,38.55
O0003682,U048334,2026-06-19 00:15:00,50.89
O0003683,U007198,2026-06-19 00:15:00,17.93
O0003684,U033374,2026-06-19 00:15:00,64.41
O0003685,U019084,2026-06-19 00:15:00,54.78
O0003686,U048717,2026-06-19 00:15:00,163.5
O0000050,U011844,2026-06-20 00:15:00,72.59
O0000156,U017353,2026-06-20 00:15:00,122.52
O0000333,U048407,2026-06-20 00:15:00,40.19
O0000474,U041728,2026-06-20 00:15:00,89.86
O0000556,U046280,2026-06-20 00:15:00,191.01
O0000600,U041718,2026-06-20 00:15:00,63.47
O0000789,U039265,2026-06-20 00:15:00,53.63
O0001183,U005153,2026-06-20 00:15:00,85.85
O0001194,U033810,2026-06-20 00:15:00,83.99
O0001219,U035429,2026-06-20 00:15:00,46.47
O0001229,U013867,2026-06-20 00:15:00,32.5
O0001443,U036287,2026-06-20 00:15:00,54.97
O0001774,U015296,2026-06-20 00:15:00,196.32
O0001787,U020496,2026-06-20 00:15:00,25.7
O0001921,U018673,2026-06-20 00:15:00,154.35
O0002055,U020701,2026-06-20 00:15:00,72.88
O0002094,U011906,2026-06-20 00:15:00,50.75
O0002193,U012518,2026-06-20 00:15:00,86.42
O0002341,U029121,2026-06-20 00:15:00,28.03
O0002465,U031950,2026-06-20 00:15:00,58.0
O0002556,U045910,2026-06-20 00:15:00,59.37
O0002638,U045479,2026-06-20 00:15:00,98.38
O0002684,U025796,2026-06-20 00:15:00,36.09
O0002697,U008641,2026-06-20 00:15:00,60.98
O0002724,U017692,2026-06-20 00:15:00,20.55
O0002764,U040694,2026-06-20 00:15:00,171.95
O0002895,U014590,2026-06-20 00:15:00,37.28
O0002924,U041410,2026-06-20 00:15:00,70.18
O0003002,U039037,2026-06-20 00:15:00,239.62
O0003200,U049368,2026-06-20 00:15:00,48.82
O0003392,U023150,2026-06-20 00:15:00,56.55
O0003413,U003078,2026-06-20 00:15:00,105.55
O0003498,U001126,2026-06-20 00:15:00,102.86
O0003581,U046457,2026-06-20 00:15:00,46.43
O0003614,U005239,2026-06-20 00:15:00,84.26
O0003687,U019366,2026-06-20 00:15:00,82.74
O0003688,U020197,2026-06-20 00:15:00,40.68
O0003690,U043845,2026-06-20 00:15:00,57.6
O0003692,U014473,2026-06-20 00:15:00,79.43
O0003694,U030387,2026-06-20 00:15:00,62.88
O0000765,U016485,2026-06-21 00:15:00,136.18
O0001329,U024313,2026-06-21 00:15:00,68.16
O0001589,U030535,2026-06-21 00:15:00,130.7
O0001788,U023997,2026-06-21 00:15:00,34.63
O0001820,U035108,2026-06-21 00:15:00,36.41
O0002139,U038155,2026-06-21 00:15:00,52.16
O0002367,U027852,2026-06-21 00:15:00,24.51
O0002460,U043675,2026-06-21 00:15:00,40.4
O0002498,U011895,2026-06-21 00:15:00,81.44
O0002527,U028354,2026-06-21 00:15:00,51.97
O0002547,U023833,2026-06-21 00:15:00,35.27
O0002625,U031153,2026-06-21 00:15:00,46.52
O0002845,U033565,2026-06-21 00:15:00,14.17
O0002900,U016167,2026-06-21 00:15:00,58.94
O0002932,U034411,2026-06-21 00:15:00,38.43
O0002993,U018553,2026-06-21 00:15:00,47.43
O0003047,U041820,2026-06-21 00:15:00,48.69
O0003054,U028644,2026-06-21 00:15:00,46.5
O0003111,U016118,2026-06-21 00:15:00,130.56
O0003127,U004165,2026-06-21 00:15:00,40.38
O0003227,U041199,2026-06-21 00:15:00,76.81
O0003319,U003480,2026-06-21 00:15:00,27.82
O0003330,U017426,2026-06-21 00:15:00,47.99
O0003561,U001371,2026-06-21 00:15:00,92.31
O0003695,U007454,2026-06-21 00:15:00,46.93
O0003696,U011699,2026-06-21 00:15:00,68.7
O0003697,U047374,2026-06-21 00:15:00,29.5
O0003698,U008522,2026-06-21 00:15:00,57.03
O0003700,U007574,2026-06-21 00:15:00,44.1
O0003701,U041499,2026-06-21 00:15:00,72.85
O0003702,U008213,2026-06-21 00:15:00,41.88
O0000132,U016643,2026-06-22 00:15:00,19.55
O0000297,U003917,2026-06-22 00:15:00,74.62
O0000509,U025959,2026-06-22 00:15:00,41.66
O0000523,U008130,2026-06-22 00:15:00,43.54
O0000777,U045223,2026-06-22 00:15:00,125.73
O0000941,U026276,2026-06-22 00:15:00,35.34
O0000946,U035319,2026-06-22 00:15:00,51.59
O0000958,U016079,2026-06-22 00:15:00,63.95
O0000993,U019400,2026-06-22 00:15:00,17.88
O0001335,U010204,2026-06-22 00:15:00,99.81
O0001574,U035383,2026-06-22 00:15:00,78.76
O0001653,U000998,2026-06-22 00:15:00,91.7
O0002349,U042923,2026-06-22 00:15:00,25.38
O0002390,U008698,2026-06-22 00:15:00,48.38
O0002569,U035887,2026-06-22 00:15:00,114.1
O0002721,U017629,2026-06-22 00:15:00,29.28
O0002957,U030864,2026-06-22 00:15:00,51.4
O0003085,U032129,2026-06-22 00:15:00,41.99
O0003118,U004575,2026-06-22 00:15:00,57.61
O0003302,U022424,2026-06-22 00:15:00,46.57
O0003504,U001548,2026-06-22 00:15:00,99.98
O0003518,U023623,2026-06-22 00:15:00,18.62
O0003533,U006607,2026-06-22 00:15:00,50.38
O0003678,U012257,2026-06-22 00:15:00,16.34
O0003680,U012517,2026-06-22 00:15:00,109.11
O0003704,U012212,2026-06-22 00:15:00,37.27
O0003707,U045470,2026-06-22 00:15:00,48.06
O0003708,U034238,2026-06-22 00:15:00,67.66
O0003709,U002814,2026-06-22 00:15:00,67.57
O0000172,U002881,2026-06-23 00:15:00,86.83
O0000951,U035788,2026-06-23 00:15:00,82.54
O0001355,U021264,2026-06-23 00:15:00,30.97
O0001500,U003043,2026-06-23 00:15:00,36.72
O0001543,U039063,2026-06-23 00:15:00,129.36
O0001548,U033866,2026-06-23 00:15:00,71.72
O0001855,U028973,2026-06-23 00:15:00,67.27
O0002084,U012314,2026-06-23 00:15:00,126.23
O0002180,U037409,2026-06-23 00:15:00,51.48
O0002438,U021247,2026-06-23 00:15:00,66.44
O0003081,U007580,2026-06-23 00:15:00,77.88
O0003136,U034051,2026-06-23 00:15:00,32.02
O0003251,U032005,2026-06-23 00:15:00,62.93
O0003286,U032118,2026-06-23 00:15:00,48.82
O0003471,U048437,2026-06-23 00:15:00,61.28
O0003490,U017947,2026-06-23 00:15:00,21.26
O0003655,U044777,2026-06-23 00:15:00,56.11
O0003710,U048637,2026-06-23 00:15:00,43.07
O0003712,U028222,2026-06-23 00:15:00,50.51
O0003713,U000208,2026-06-23 00:15:00,43.54
O0003714,U017831,2026-06-23 00:15:00,86.83
O0003715,U008960,2026-06-23 00:15:00,29.8
O0003716,U044961,2026-06-23 00:15:00,61.75
O0003717,U042693,2026-06-23 00:15:00,19.1
O0003718,U017087,2026-06-23 00:15:00,46.58
O0000108,U037352,2026-06-24 00:15:00,39.54
O0000527,U022966,2026-06-24 00:15:00,54.56
O0000542,U044326,2026-06-24 00:15:00,46.2
O0000673,U019215,2026-06-24 00:15:00,29.15
O0000745,U026301,2026-06-24 00:15:00,67.27
O0000863,U021421,2026-06-24 00:15:00,87.29
O0000974,U041107,2026-06-24 00:15:00,35.31
O0001128,U036605,2026-06-24 00:15:00,46.18
O0001223,U012577,2026-06-24 00:15:00,28.43
O0001336,U040583,2026-06-24 00:15:00,126.73
O0001505,U006244,2026-06-24 00:15:00,71.5
O0001535,U027538,2026-06-24 00:15:00,23.72
O0001540,U039051,2026-06-24 00:15:00,47.94
O0001594,U037770,2026-06-24 00:15:00,37.61
O0001871,U045344,2026-06-24 00:15:00,44.19
O0001999,U008053,2026-06-24 00:15:00,85.05
O0002262,U000185,2026-06-24 00:15:00,38.12
O0002411,U032373,2026-06-24 00:15:00,18.07
O0002549,U010999,2026-06-24 00:15:00,110.64
O0002656,U038538,2026-06-24 00:15:00,49.51
O0002745,U027583,2026-06-24 00:15:00,72.53
O0002798,U002904,2026-06-24 00:15:00,60.3
O0002986,U000080,2026-06-24 00:15:00,41.06
O0003153,U033057,2026-06-24 00:15:00,101.41
O0003198,U023136,2026-06-24 00:15:00,137.86
O0003470,U012478,2026-06-24 00:15:00,38.73
O0003491,U000590,2026-06-24 00:15:00,27.86
O0003521,U014542,2026-06-24 00:15:00,18.36
O0003579,U026416,2026-06-24 00:15:00,55.78
O0003679,U034845,2026-06-24 00:15:00,31.76
O0003693,U008833,2026-06-24 00:15:00,27.69
O0003719,U049034,2026-06-24 00:15:00,104.9
O0003721,U025105,2026-06-24 00:15:00,81.33
O0000084,U017876,2026-06-25 00:15:00,55.49
O0000590,U023102,2026-06-25 00:15:00,54.56
O0000865,U012810,2026-06-25 00:15:00,74.85
O0000964,U030186,2026-06-25 00:15:00,38.77
O0001117,U013238,2026-06-25 00:15:00,127.93
O0001302,U019229,2026-06-25 00:15:00,195.49
O0001685,U041017,2026-06-25 00:15:00,22.84
O0001745,U033699,2026-06-25 00:15:00,47.54
O0001753,U013905,2026-06-25 00:15:00,46.08
O0002046,U019086,2026-06-25 00:15:00,42.14
O0002146,U021084,2026-06-25 00:15:00,29.8
O0002360,U036961,2026-06-25 00:15:00,36.07
O0002423,U004836,2026-06-25 00:15:00,105.75
O0002512,U000305,2026-06-25 00:15:00,43.86
O0002591,U007667,2026-06-25 00:15:00,73.76
O0002611,U016323,2026-06-25 00:15:00,74.0
O0002700,U043678,2026-06-25 00:15:00,52.55
O0002797,U041693,2026-06-25 00:15:00,44.73
O0002862,U005064,2026-06-25 00:15:00,40.47
O0002976,U045540,2026-06-25 00:15:00,37.74
O0003108,U047555,2026-06-25 00:15:00,89.88
O0003167,U012812,2026-06-25 00:15:00,103.81
O0003191,U043891,2026-06-25 00:15:00,129.99
O0003472,U010220,2026-06-25 00:15:00,69.4
O0003546,U041640,2026-06-25 00:15:00,81.79
O0003625,U039189,2026-06-25 00:15:00,34.52
O0003638,U045249,2026-06-25 00:15:00,67.01
O0003703,U034427,2026-06-25 00:15:00,114.67
O0003720,U012746,2026-06-25 00:15:00,58.41
O0003722,U020981,2026-06-25 00:15:00,52.8
O0003723,U028777,2026-06-25 00:15:00,94.46
O0003724,U042666,2026-06-25 00:15:00,38.4
O0003725,U035793,2026-06-25 00:15:00,37.88
O0003726,U026401,2026-06-25 00:15:00,106.63
O0003727,U016535,2026-06-25 00:15:00,35.43
O0001616,U013732,2026-06-26 00:15:00,55.05
O0001752,U005683,2026-06-26 00:15:00,103.59
O0002575,U019979,2026-06-26 00:15:00,106.55
O0002627,U028918,2026-06-26 00:15:00,78.98
O0002730,U048179,2026-06-26 00:15:00,57.39
O0002867,U029360,2026-06-26 00:15:00,61.58
O0002943,U046298,2026-06-26 00:15:00,60.78
O0002964,U010588,2026-06-26 00:15:00,31.41
O0003026,U009351,2026-06-26 00:15:00,29.93
O0003056,U016334,2026-06-26 00:15:00,131.77
O0003087,U018698,2026-06-26 00:15:00,43.2
O0003109,U045409,2026-06-26 00:15:00,33.68
O0003138,U012101,2026-06-26 00:15:00,65.83
O0003178,U002067,2026-06-26 00:15:00,79.45
O0003265,U042374,2026-06-26 00:15:00,51.63
O0003410,U006146,2026-06-26 00:15:00,40.38
O0003500,U021561,2026-06-26 00:15:00,78.9
O0003540,U033634,2026-06-26 00:15:00,67.01
O0003667,U029054,2026-06-26 00:15:00,26.57
O0003691,U022974,2026-06-26 00:15:00,134.98
O0003699,U017868,2026-06-26 00:15:00,41.9
O0003728,U030600,2026-06-26 00:15:00,60.08
O0003729,U024849,2026-06-26 00:15:00,55.21
O0003730,U000851,2026-06-26 00:15:00,43.26
O0003731,U039441,2026-06-26 00:15:00,25.4
O0000247,U007919,2026-06-27 00:15:00,62.93
O0000392,U006655,2026-06-27 00:15:00,36.28
O0000800,U032398,2026-06-27 00:15:00,143.5
O0001425,U025818,2026-06-27 00:15:00,50.24
O0001695,U041471,2026-06-27 00:15:00,52.94
O0001854,U009619,2026-06-27 00:15:00,25.51
O0002026,U047656,2026-06-27 00:15:00,122.5
O0002030,U010864,2026-06-27 00:15:00,69.46
O0002477,U024601,2026-06-27 00:15:00,51.36
O0002579,U031827,2026-06-27 00:15:00,52.51
O0002586,U017415,2026-06-27 00:15:00,123.65
O0002671,U013000,2026-06-27 00:15:00,92.37
O0002857,U000130,2026-06-27 00:15:00,134.39
O0002859,U046328,2026-06-27 00:15:00,32.27
O0002913,U013357,2026-06-27 00:15:00,66.44
O0003049,U000615,2026-06-27 00:15:00,27.21
O0003204,U023846,2026-06-27 00:15:00,47.21
O0003271,U022321,2026-06-27 00:15:00,40.91
O0003303,U031070,2026-06-27 00:15:00,18.79
O0003405,U033911,2026-06-27 00:15:00,37.72
O0003428,U004998,2026-06-27 00:15:00,35.62
O0003584,U037296,2026-06-27 00:15:00,126.28
O0003673,U047481,2026-06-27 00:15:00,52.41
O0003689,U048883,2026-06-27 00:15:00,107.75
O0003711,U001233,2026-06-27 00:15:00,45.57
O0003732,U018222,2026-06-27 00:15:00,150.74
O0003733,U042516,2026-06-27 00:15:00,80.13
O0003734,U036826,2026-06-27 00:15:00,67.81
O0003735,U038235,2026-06-27 00:15:00,63.62
O0003736,U049109,2026-06-27 00:15:00,145.45
O0003737,U024438,2026-06-27 00:15:00,67.95
O0003738,U014267,2026-06-27 00:15:00,138.48
O0000120,U011804,2026-06-28 00:15:00,98.05
O0000251,U044023,2026-06-28 00:15:00,79.32
O0000486,U004978,2026-06-28 00:15:00,81.66
O0000538,U010326,2026-06-28 00:15:00,39.31
O0000842,U003194,2026-06-28 00:15:00,46.55
O0001052,U039112,2026-06-28 00:15:00,21.48
O0001058,U033204,2026-06-28 00:15:00,127.8
O0001163,U021862,2026-06-28 00:15:00,71.06
O0001463,U017290,2026-06-28 00:15:00,153.08
O0001526,U029686,2026-06-28 00:15:00,44.57
O0001527,U002204,2026-06-28 00:15:00,129.35
O0001942,U049461,2026-06-28 00:15:00,97.5
O0002286,U021362,2026-06-28 00:15:00,66.12
O0002333,U039227,2026-06-28 00:15:00,44.9
O0002788,U000953,2026-06-28 00:15:00,32.7
O0002865,U041308,2026-06-28 00:15:00,150.48
O0002908,U040119,2026-06-28 00:15:00,67.54
O0002999,U044701,2026-06-28 00:15:00,41.27
O0003156,U032257,2026-06-28 00:15:00,100.39
O0003160,U034859,2026-06-28 00:15:00,124.97
O0003293,U012107,2026-06-28 00:15:00,102.46
O0003544,U031837,2026-06-28 00:15:00,31.59
O0003582,U020733,2026-06-28 00:15:00,57.46
O0003589,U018507,2026-06-28 00:15:00,126.25
O0003661,U002713,2026-06-28 00:15:00,41.1
O0003739,U025777,2026-06-28 00:15:00,39.72
O0003740,U007391,2026-06-28 00:15:00,15.7
O0003741,U046438,2026-06-28 00:15:00,82.13
O0003742,U004693,2026-06-28 00:15:00,148.83
O0003743,U049862,2026-06-28 00:15:00,95.1
O0003744,U019444,2026-06-28 00:15:00,84.85
O0000005,U034534,2026-06-29 00:15:00,20.9
O0000223,U036808,2026-06-29 00:15:00,32.87
O0000692,U023137,2026-06-29 00:15:00,30.38
O0001121,U049286,2026-06-29 00:15:00,32.11
O0001138,U003793,2026-06-29 00:15:00,93.38
O0001629,U018134,2026-06-29 00:15:00,83.87
O0001801,U029370,2026-06-29 00:15:00,66.33
O0002738,U002445,2026-06-29 00:15:00,28.18
O0003024,U003192,2026-06-29 00:15:00,34.75
O0003247,U039777,2026-06-29 00:15:00,86.36
O0003351,U023754,2026-06-29 00:15:00,56.68
O0003377,U043742,2026-06-29 00:15:00,97.63
O0003460,U004675,2026-06-29 00:15:00,58.85
O0003705,U017717,2026-06-29 00:15:00,26.71
O0003745,U033532,2026-06-29 00:15:00,66.49
O0003746,U008023,2026-06-29 00:15:00,29.09
O0000003,U007754,2026-06-30 00:15:00,64.67
O0000153,U018118,2026-06-30 00:15:00,32.21
O0000279,U041609,2026-06-30 00:15:00,41.93
O0000545,U032898,2026-06-30 00:15:00,78.98
O0001060,U016237,2026-06-30 00:15:00,63.95
O0001725,U014949,2026-06-30 00:15:00,62.4
O0002133,U045180,2026-06-30 00:15:00,62.2
O0002648,U015848,2026-06-30 00:15:00,37.95
O0002728,U012005,2026-06-30 00:15:00,79.36
O0002873,U006905,2026-06-30 00:15:00,76.92
O0002994,U043611,2026-06-30 00:15:00,98.31
O0003104,U023613,2026-06-30 00:15:00,72.72
O0003164,U001208,2026-06-30 00:15:00,49.74
O0003494,U005300,2026-06-30 00:15:00,33.77
O0003520,U003264,2026-06-30 00:15:00,104.86
O0003524,U034206,2026-06-30 00:15:00,190.3
O0003557,U033076,2026-06-30 00:15:00,129.75
O0003563,U049378,2026-06-30 00:15:00,93.2
O0003634,U034116,2026-06-30 00:15:00,30.55
O0003706,U032050,2026-06-30 00:15:00,56.16
O0003747,U021452,2026-06-30 00:15:00,89.07
O0003748,U046654,2026-06-30 00:15:00,60.37
O0003749,U037592,2026-06-30 00:15:00,87.99
O0003750,U031026,2026-06-30 00:15:00,39.02
O0003751,U009593,2026-06-30 00:15:00,107.26
O0003752,U029551,2026-06-30 00:15:00,47.55
